MI,Bin
0.023,Radiocarbon10
0.034,Radiocarbon10
0.012,Radiocarbon10
0.026,Radiocarbon10
0.034,Radiocarbon10
0.029,Radiocarbon10
0.023,Radiocarbon10
0.034,Radiocarbon10
0.04,Radiocarbon10
0.051,Radiocarbon20
0.063,Radiocarbon20
0.03,Radiocarbon20
0.05,Radiocarbon20
0.042,Radiocarbon20
0.065,Radiocarbon20
0.062,Radiocarbon20
0.056,Radiocarbon20
0.049,Radiocarbon20
0.026,Radiocarbon20
0.068,Radiocarbon30
0.072,Radiocarbon30
0.046,Radiocarbon30
0.07,Radiocarbon30
0.066,Radiocarbon30
0.045,Radiocarbon30
0.072,Radiocarbon30
0.113,Radiocarbon30
0.072,Radiocarbon30
0.07,Radiocarbon30
0.069,Radiocarbon50
0.05,Radiocarbon50
0.037,Radiocarbon50
0.09,Radiocarbon50
0.05,Radiocarbon50
0.079,Radiocarbon50
0.05,Radiocarbon50
0.058,Radiocarbon50
0.063,Radiocarbon50
0.048,Radiocarbon50
0.045,Radiocarbon100
0.066,Radiocarbon100
0.061,Radiocarbon100
0.037,Radiocarbon100
0.088,Radiocarbon100
0.061,Radiocarbon100
0.064,Radiocarbon100
0.061,Radiocarbon100
0.04,Radiocarbon100
0.132,Radiocarbon100
0.046,Western Europe
0.053,Western Europe
0.09,Western Europe
0.067,Western Europe
0.05,Western Europe
0.079,Western Europe
0.102,Western Europe
0.044,Western Europe
