Rh,Pair,Extent,Bin,Continent,Niche
0.9,AU-CH,2,10,different,AG-HG
0.97,AU-CA,2,10,different,HG-HG
0.8,AU-AZ,2,10,different,AG-HG
0.79,AU-NV,2,10,different,HG-HG
0.93,AU-NM,2,10,different,AG-HG
0.8,AU-UT,2,10,different,AG-HG
0.7,AU-WY,2,10,different,HG-HG
0.93,AU-CO,2,10,different,AG-HG
0.77,AU-SEUK,2,10,different,AG-HG
0.77,AU-NWUK,2,10,different,AG-HG
0.85,AU-IR,2,10,different,AG-HG
0.84,AU-SCT,2,10,different,AG-HG
0.89,CH-CA,2,10,different,AG-HG
0.77,CH-AZ,2,10,different,AG-AG
0.78,CH-NV,2,10,different,AG-HG
0.88,CH-NM,2,10,different,AG-AG
0.69,CH-UT,2,10,different,AG-AG
0.72,CH-WY,2,10,different,AG-HG
0.88,CH-CO,2,10,different,AG-AG
0.79,CH-SEUK,2,10,different,AG-AG
0.77,CH-NWUK,2,10,different,AG-AG
0.8,CH-IR,2,10,different,AG-AG
0.82,CH-SCT,2,10,different,AG-AG
0.81,CA-AZ,0,10,same,AG-HG
0.8,CA-NV,0,10,same,HG-HG
0.96,CA-NM,1,10,same,AG-HG
0.79,CA-UT,1,10,same,AG-HG
0.73,CA-WY,1,10,same,HG-HG
0.93,CA-CO,1,10,same,AG-HG
0.79,CA-SEUK,2,10,different,AG-HG
0.81,CA-NWUK,2,10,different,AG-HG
0.87,CA-IR,2,10,different,AG-HG
0.86,CA-SCT,2,10,different,AG-HG
0.8,AZ-NV,1,10,same,AG-HG
0.79,AZ-NM,0,10,same,AG-AG
0.85,AZ-UT,0,10,same,AG-AG
0.5,AZ-WY,1,10,same,AG-HG
0.81,AZ-CO,0,10,same,AG-AG
0.76,AZ-SEUK,2,10,different,AG-AG
0.75,AZ-NWUK,2,10,different,AG-AG
0.73,AZ-IR,2,10,different,AG-AG
0.78,AZ-SCT,2,10,different,AG-AG
0.78,NV-NM,1,10,same,AG-HG
0.77,NV-UT,0,10,same,AG-HG
0.54,NV-WY,1,10,same,HG-HG
0.72,NV-CO,1,10,same,AG-HG
0.78,NV-SEUK,2,10,different,AG-HG
0.73,NV-NWUK,2,10,different,AG-HG
0.68,NV-IR,2,10,different,AG-HG
0.71,NV-SCT,2,10,different,AG-HG
0.76,NM-UT,0,10,same,AG-AG
0.74,NM-WY,1,10,same,AG-HG
0.92,NM-CO,0,10,same,AG-AG
0.81,NM-SEUK,2,10,different,AG-AG
0.82,NM-NWUK,2,10,different,AG-AG
0.86,NM-IR,2,10,different,AG-AG
0.84,NM-SCT,2,10,different,AG-AG
0.43,UT-WY,0,10,same,AG-HG
0.74,UT-CO,0,10,same,AG-AG
0.6,UT-SEUK,2,10,different,AG-AG
0.64,UT-NWUK,2,10,different,AG-AG
0.65,UT-IR,2,10,different,AG-AG
0.71,UT-SCT,2,10,different,AG-AG
0.76,WY-CO,0,10,same,AG-HG
0.68,WY-SEUK,2,10,different,AG-HG
0.66,WY-NWUK,2,10,different,AG-HG
0.71,WY-IR,2,10,different,AG-HG
0.74,WY-SCT,2,10,different,AG-HG
0.75,CO-SEUK,2,10,different,AG-AG
0.74,CO-NWUK,2,10,different,AG-AG
0.82,CO-IR,2,10,different,AG-AG
0.84,CO-SCT,2,10,different,AG-AG
0.92,SEUK-NWUK,0,10,same,AG-AG
0.88,SEUK-IR,0,10,same,AG-AG
0.87,SEUK-SCT,0,10,same,AG-AG
0.87,NWUK-IR,0,10,same,AG-AG
0.9,NWUK-SCT,0,10,same,AG-AG
0.9,IR-SCT,0,10,same,AG-AG
0.9,AU-CH,2,20,different,AG-HG
0.97,AU-CA,2,20,different,HG-HG
0.81,AU-AZ,2,20,different,AG-HG
0.79,AU-NV,2,20,different,HG-HG
0.93,AU-NM,2,20,different,AG-HG
0.8,AU-UT,2,20,different,AG-HG
0.7,AU-WY,2,20,different,HG-HG
0.93,AU-CO,2,20,different,AG-HG
0.77,AU-SEUK,2,20,different,AG-HG
0.77,AU-NWUK,2,20,different,AG-HG
0.84,AU-IR,2,20,different,AG-HG
0.84,AU-SCT,2,20,different,AG-HG
0.89,CH-CA,2,20,different,AG-HG
0.77,CH-AZ,2,20,different,AG-AG
0.78,CH-NV,2,20,different,AG-HG
0.88,CH-NM,2,20,different,AG-AG
0.69,CH-UT,2,20,different,AG-AG
0.71,CH-WY,2,20,different,AG-HG
0.88,CH-CO,2,20,different,AG-AG
0.79,CH-SEUK,2,20,different,AG-AG
0.77,CH-NWUK,2,20,different,AG-AG
0.8,CH-IR,2,20,different,AG-AG
0.81,CH-SCT,2,20,different,AG-AG
0.81,CA-AZ,0,20,same,AG-HG
0.8,CA-NV,0,20,same,HG-HG
0.96,CA-NM,1,20,same,AG-HG
0.79,CA-UT,1,20,same,AG-HG
0.73,CA-WY,1,20,same,HG-HG
0.93,CA-CO,1,20,same,AG-HG
0.79,CA-SEUK,2,20,different,AG-HG
0.81,CA-NWUK,2,20,different,AG-HG
0.87,CA-IR,2,20,different,AG-HG
0.86,CA-SCT,2,20,different,AG-HG
0.81,AZ-NV,1,20,same,AG-HG
0.79,AZ-NM,0,20,same,AG-AG
0.86,AZ-UT,0,20,same,AG-AG
0.5,AZ-WY,1,20,same,AG-HG
0.81,AZ-CO,0,20,same,AG-AG
0.76,AZ-SEUK,2,20,different,AG-AG
0.75,AZ-NWUK,2,20,different,AG-AG
0.73,AZ-IR,2,20,different,AG-AG
0.78,AZ-SCT,2,20,different,AG-AG
0.78,NV-NM,1,20,same,AG-HG
0.77,NV-UT,0,20,same,AG-HG
0.55,NV-WY,1,20,same,HG-HG
0.72,NV-CO,1,20,same,AG-HG
0.78,NV-SEUK,2,20,different,AG-HG
0.74,NV-NWUK,2,20,different,AG-HG
0.68,NV-IR,2,20,different,AG-HG
0.71,NV-SCT,2,20,different,AG-HG
0.76,NM-UT,0,20,same,AG-AG
0.74,NM-WY,1,20,same,AG-HG
0.92,NM-CO,0,20,same,AG-AG
0.81,NM-SEUK,2,20,different,AG-AG
0.82,NM-NWUK,2,20,different,AG-AG
0.86,NM-IR,2,20,different,AG-AG
0.84,NM-SCT,2,20,different,AG-AG
0.43,UT-WY,0,20,same,AG-HG
0.74,UT-CO,0,20,same,AG-AG
0.6,UT-SEUK,2,20,different,AG-AG
0.64,UT-NWUK,2,20,different,AG-AG
0.65,UT-IR,2,20,different,AG-AG
0.71,UT-SCT,2,20,different,AG-AG
0.76,WY-CO,0,20,same,AG-HG
0.68,WY-SEUK,2,20,different,AG-HG
0.66,WY-NWUK,2,20,different,AG-HG
0.71,WY-IR,2,20,different,AG-HG
0.74,WY-SCT,2,20,different,AG-HG
0.75,CO-SEUK,2,20,different,AG-AG
0.74,CO-NWUK,2,20,different,AG-AG
0.82,CO-IR,2,20,different,AG-AG
0.84,CO-SCT,2,20,different,AG-AG
0.92,SEUK-NWUK,0,20,same,AG-AG
0.88,SEUK-IR,0,20,same,AG-AG
0.87,SEUK-SCT,0,20,same,AG-AG
0.87,NWUK-IR,0,20,same,AG-AG
0.9,NWUK-SCT,0,20,same,AG-AG
0.9,IR-SCT,0,20,same,AG-AG
0.91,AU-CH,2,30,different,AG-HG
0.97,AU-CA,2,30,different,HG-HG
0.81,AU-AZ,2,30,different,AG-HG
0.79,AU-NV,2,30,different,HG-HG
0.93,AU-NM,2,30,different,AG-HG
0.8,AU-UT,2,30,different,AG-HG
0.7,AU-WY,2,30,different,HG-HG
0.93,AU-CO,2,30,different,AG-HG
0.77,AU-SEUK,2,30,different,AG-HG
0.77,AU-NWUK,2,30,different,AG-HG
0.85,AU-IR,2,30,different,AG-HG
0.84,AU-SCT,2,30,different,AG-HG
0.89,CH-CA,2,30,different,AG-HG
0.77,CH-AZ,2,30,different,AG-AG
0.78,CH-NV,2,30,different,AG-HG
0.88,CH-NM,2,30,different,AG-AG
0.69,CH-UT,2,30,different,AG-AG
0.72,CH-WY,2,30,different,AG-HG
0.88,CH-CO,2,30,different,AG-AG
0.79,CH-SEUK,2,30,different,AG-AG
0.77,CH-NWUK,2,30,different,AG-AG
0.8,CH-IR,2,30,different,AG-AG
0.82,CH-SCT,2,30,different,AG-AG
0.81,CA-AZ,0,30,same,AG-HG
0.8,CA-NV,0,30,same,HG-HG
0.96,CA-NM,1,30,same,AG-HG
0.79,CA-UT,1,30,same,AG-HG
0.73,CA-WY,1,30,same,HG-HG
0.93,CA-CO,1,30,same,AG-HG
0.79,CA-SEUK,2,30,different,AG-HG
0.81,CA-NWUK,2,30,different,AG-HG
0.87,CA-IR,2,30,different,AG-HG
0.86,CA-SCT,2,30,different,AG-HG
0.81,AZ-NV,1,30,same,AG-HG
0.78,AZ-NM,0,30,same,AG-AG
0.86,AZ-UT,0,30,same,AG-AG
0.5,AZ-WY,1,30,same,AG-HG
0.81,AZ-CO,0,30,same,AG-AG
0.76,AZ-SEUK,2,30,different,AG-AG
0.75,AZ-NWUK,2,30,different,AG-AG
0.73,AZ-IR,2,30,different,AG-AG
0.78,AZ-SCT,2,30,different,AG-AG
0.78,NV-NM,1,30,same,AG-HG
0.77,NV-UT,0,30,same,AG-HG
0.55,NV-WY,1,30,same,HG-HG
0.72,NV-CO,1,30,same,AG-HG
0.79,NV-SEUK,2,30,different,AG-HG
0.74,NV-NWUK,2,30,different,AG-HG
0.68,NV-IR,2,30,different,AG-HG
0.71,NV-SCT,2,30,different,AG-HG
0.76,NM-UT,0,30,same,AG-AG
0.74,NM-WY,1,30,same,AG-HG
0.92,NM-CO,0,30,same,AG-AG
0.81,NM-SEUK,2,30,different,AG-AG
0.82,NM-NWUK,2,30,different,AG-AG
0.86,NM-IR,2,30,different,AG-AG
0.84,NM-SCT,2,30,different,AG-AG
0.43,UT-WY,0,30,same,AG-HG
0.74,UT-CO,0,30,same,AG-AG
0.6,UT-SEUK,2,30,different,AG-AG
0.64,UT-NWUK,2,30,different,AG-AG
0.65,UT-IR,2,30,different,AG-AG
0.71,UT-SCT,2,30,different,AG-AG
0.76,WY-CO,0,30,same,AG-HG
0.68,WY-SEUK,2,30,different,AG-HG
0.66,WY-NWUK,2,30,different,AG-HG
0.71,WY-IR,2,30,different,AG-HG
0.74,WY-SCT,2,30,different,AG-HG
0.75,CO-SEUK,2,30,different,AG-AG
0.74,CO-NWUK,2,30,different,AG-AG
0.82,CO-IR,2,30,different,AG-AG
0.84,CO-SCT,2,30,different,AG-AG
0.92,SEUK-NWUK,0,30,same,AG-AG
0.88,SEUK-IR,0,30,same,AG-AG
0.87,SEUK-SCT,0,30,same,AG-AG
0.87,NWUK-IR,0,30,same,AG-AG
0.9,NWUK-SCT,0,30,same,AG-AG
0.9,IR-SCT,0,30,same,AG-AG
0.9,AU-CH,2,50,different,AG-HG
0.97,AU-CA,2,50,different,HG-HG
0.81,AU-AZ,2,50,different,AG-HG
0.79,AU-NV,2,50,different,HG-HG
0.94,AU-NM,2,50,different,AG-HG
0.81,AU-UT,2,50,different,AG-HG
0.7,AU-WY,2,50,different,HG-HG
0.93,AU-CO,2,50,different,AG-HG
0.78,AU-SEUK,2,50,different,AG-HG
0.77,AU-NWUK,2,50,different,AG-HG
0.85,AU-IR,2,50,different,AG-HG
0.84,AU-SCT,2,50,different,AG-HG
0.89,CH-CA,2,50,different,AG-HG
0.77,CH-AZ,2,50,different,AG-AG
0.79,CH-NV,2,50,different,AG-HG
0.88,CH-NM,2,50,different,AG-AG
0.69,CH-UT,2,50,different,AG-AG
0.72,CH-WY,2,50,different,AG-HG
0.88,CH-CO,2,50,different,AG-AG
0.79,CH-SEUK,2,50,different,AG-AG
0.77,CH-NWUK,2,50,different,AG-AG
0.8,CH-IR,2,50,different,AG-AG
0.82,CH-SCT,2,50,different,AG-AG
0.81,CA-AZ,0,50,same,AG-HG
0.8,CA-NV,0,50,same,HG-HG
0.96,CA-NM,1,50,same,AG-HG
0.79,CA-UT,1,50,same,AG-HG
0.73,CA-WY,1,50,same,HG-HG
0.93,CA-CO,1,50,same,AG-HG
0.79,CA-SEUK,2,50,different,AG-HG
0.81,CA-NWUK,2,50,different,AG-HG
0.88,CA-IR,2,50,different,AG-HG
0.86,CA-SCT,2,50,different,AG-HG
0.81,AZ-NV,1,50,same,AG-HG
0.79,AZ-NM,0,50,same,AG-AG
0.86,AZ-UT,0,50,same,AG-AG
0.5,AZ-WY,1,50,same,AG-HG
0.81,AZ-CO,0,50,same,AG-AG
0.76,AZ-SEUK,2,50,different,AG-AG
0.75,AZ-NWUK,2,50,different,AG-AG
0.73,AZ-IR,2,50,different,AG-AG
0.78,AZ-SCT,2,50,different,AG-AG
0.78,NV-NM,1,50,same,AG-HG
0.77,NV-UT,0,50,same,AG-HG
0.55,NV-WY,1,50,same,HG-HG
0.73,NV-CO,1,50,same,AG-HG
0.79,NV-SEUK,2,50,different,AG-HG
0.73,NV-NWUK,2,50,different,AG-HG
0.69,NV-IR,2,50,different,AG-HG
0.71,NV-SCT,2,50,different,AG-HG
0.76,NM-UT,0,50,same,AG-AG
0.74,NM-WY,1,50,same,AG-HG
0.92,NM-CO,0,50,same,AG-AG
0.81,NM-SEUK,2,50,different,AG-AG
0.82,NM-NWUK,2,50,different,AG-AG
0.86,NM-IR,2,50,different,AG-AG
0.84,NM-SCT,2,50,different,AG-AG
0.43,UT-WY,0,50,same,AG-HG
0.74,UT-CO,0,50,same,AG-AG
0.61,UT-SEUK,2,50,different,AG-AG
0.65,UT-NWUK,2,50,different,AG-AG
0.66,UT-IR,2,50,different,AG-AG
0.71,UT-SCT,2,50,different,AG-AG
0.76,WY-CO,0,50,same,AG-HG
0.68,WY-SEUK,2,50,different,AG-HG
0.66,WY-NWUK,2,50,different,AG-HG
0.71,WY-IR,2,50,different,AG-HG
0.74,WY-SCT,2,50,different,AG-HG
0.75,CO-SEUK,2,50,different,AG-AG
0.74,CO-NWUK,2,50,different,AG-AG
0.82,CO-IR,2,50,different,AG-AG
0.84,CO-SCT,2,50,different,AG-AG
0.92,SEUK-NWUK,0,50,same,AG-AG
0.88,SEUK-IR,0,50,same,AG-AG
0.87,SEUK-SCT,0,50,same,AG-AG
0.88,NWUK-IR,0,50,same,AG-AG
0.9,NWUK-SCT,0,50,same,AG-AG
0.9,IR-SCT,0,50,same,AG-AG
0.91,AU-CH,2,100,different,AG-HG
0.97,AU-CA,2,100,different,HG-HG
0.81,AU-AZ,2,100,different,AG-HG
0.8,AU-NV,2,100,different,HG-HG
0.94,AU-NM,2,100,different,AG-HG
0.81,AU-UT,2,100,different,AG-HG
0.7,AU-WY,2,100,different,HG-HG
0.93,AU-CO,2,100,different,AG-HG
0.78,AU-SEUK,2,100,different,AG-HG
0.77,AU-NWUK,2,100,different,AG-HG
0.85,AU-IR,2,100,different,AG-HG
0.84,AU-SCT,2,100,different,AG-HG
0.9,CH-CA,2,100,different,AG-HG
0.77,CH-AZ,2,100,different,AG-AG
0.8,CH-NV,2,100,different,AG-HG
0.89,CH-NM,2,100,different,AG-AG
0.7,CH-UT,2,100,different,AG-AG
0.72,CH-WY,2,100,different,AG-HG
0.89,CH-CO,2,100,different,AG-AG
0.79,CH-SEUK,2,100,different,AG-AG
0.78,CH-NWUK,2,100,different,AG-AG
0.81,CH-IR,2,100,different,AG-AG
0.82,CH-SCT,2,100,different,AG-AG
0.81,CA-AZ,0,100,same,AG-HG
0.8,CA-NV,0,100,same,HG-HG
0.96,CA-NM,1,100,same,AG-HG
0.79,CA-UT,1,100,same,AG-HG
0.73,CA-WY,1,100,same,HG-HG
0.94,CA-CO,1,100,same,AG-HG
0.79,CA-SEUK,2,100,different,AG-HG
0.81,CA-NWUK,2,100,different,AG-HG
0.88,CA-IR,2,100,different,AG-HG
0.86,CA-SCT,2,100,different,AG-HG
0.81,AZ-NV,1,100,same,AG-HG
0.79,AZ-NM,0,100,same,AG-AG
0.86,AZ-UT,0,100,same,AG-AG
0.5,AZ-WY,1,100,same,AG-HG
0.82,AZ-CO,0,100,same,AG-AG
0.76,AZ-SEUK,2,100,different,AG-AG
0.74,AZ-NWUK,2,100,different,AG-AG
0.73,AZ-IR,2,100,different,AG-AG
0.78,AZ-SCT,2,100,different,AG-AG
0.79,NV-NM,1,100,same,AG-HG
0.77,NV-UT,0,100,same,AG-HG
0.55,NV-WY,1,100,same,HG-HG
0.73,NV-CO,1,100,same,AG-HG
0.8,NV-SEUK,2,100,different,AG-HG
0.74,NV-NWUK,2,100,different,AG-HG
0.69,NV-IR,2,100,different,AG-HG
0.72,NV-SCT,2,100,different,AG-HG
0.77,NM-UT,0,100,same,AG-AG
0.74,NM-WY,1,100,same,AG-HG
0.93,NM-CO,0,100,same,AG-AG
0.81,NM-SEUK,2,100,different,AG-AG
0.82,NM-NWUK,2,100,different,AG-AG
0.86,NM-IR,2,100,different,AG-AG
0.84,NM-SCT,2,100,different,AG-AG
0.43,UT-WY,0,100,same,AG-HG
0.74,UT-CO,0,100,same,AG-AG
0.61,UT-SEUK,2,100,different,AG-AG
0.65,UT-NWUK,2,100,different,AG-AG
0.66,UT-IR,2,100,different,AG-AG
0.72,UT-SCT,2,100,different,AG-AG
0.76,WY-CO,0,100,same,AG-HG
0.68,WY-SEUK,2,100,different,AG-HG
0.67,WY-NWUK,2,100,different,AG-HG
0.71,WY-IR,2,100,different,AG-HG
0.74,WY-SCT,2,100,different,AG-HG
0.75,CO-SEUK,2,100,different,AG-AG
0.75,CO-NWUK,2,100,different,AG-AG
0.83,CO-IR,2,100,different,AG-AG
0.84,CO-SCT,2,100,different,AG-AG
0.93,SEUK-NWUK,0,100,same,AG-AG
0.88,SEUK-IR,0,100,same,AG-AG
0.87,SEUK-SCT,0,100,same,AG-AG
0.87,NWUK-IR,0,100,same,AG-AG
0.91,NWUK-SCT,0,100,same,AG-AG
0.9,IR-SCT,0,100,same,AG-AG
