Pair,MI,Continent,Extent
CA-ENG,0.04,different,long
CA-FRA,0.05,different,long
CA-GA,0.06,different,long
CA-IT,0.05,different,long
CA-NH,0.04,different,long
CA-PT,0.04,different,long
CA-SW,0.05,different,long
ENG-FRA,0.12,same,short
ENG-GA,0.18,same,medium
ENG-IT,0.12,same,medium
ENG-NH,0.09,same,short
ENG-PT,0.05,same,medium
ENG-SW,0.17,same,medium
FR-GA,0.15,same,short
FR-IT,0.11,same,short
FR-NH,0.17,same,short
FR-PT,0.05,same,medium
FR-SW,0.08,same,medium
GA-IT,0.13,same,medium
GA-NH,0.13,same,short
GA-PT,0.03,same,medium
GA-SW,0.10,same,short
IT-NH,0.15,same,medium
IT-PT,0.09,same,medium
IT-SW,0.09,same,medium
NH-PT,0.09,same,medium
NH-SW,0.08,same,short
PT-SW,0.05,same,medium
