"MI","NullMI","Pair","Extent","Bin","Continent","Sig","Niche",
0.317,0.017,"AU-CH","long",10,"different",1,"AG-HG",
0.179,0.019,"AU-CA","long",10,"different",1,"HG-HG",
0.208,0.016,"AU-AZ","long",10,"different",1,"AG-HG",
0.125,0.021,"AU-NV","long",10,"different",1,"HG-HG",
0.145,0.016,"AU-NM","long",10,"different",1,"AG-HG",
0.202,0.017,"AU-UT","long",10,"different",1,"AG-HG",
0.188,0.019,"AU-WY","long",10,"different",1,"HG-HG",
0.202,0.017,"AU-CO","long",10,"different",1,"AG-HG",
0.153,0.018,"AU-SEUK","long",10,"different",1,"AG-HG",
0.165,0.019,"AU-NWUK","long",10,"different",1,"AG-HG",
0.185,0.017,"AU-IR","long",10,"different",1,"AG-HG",
0.182,0.017,"AU-SCT","long",10,"different",1,"AG-HG",
0.168,0.015,"CH-CA","long",10,"different",1,"AG-HG",
0.198,0.015,"CH-AZ","long",10,"different",1,"AG-AG",
0.14,0.018,"CH-NV","long",10,"different",1,"AG-HG",
0.155,0.016,"CH-NM","long",10,"different",1,"AG-AG",
0.223,0.015,"CH-UT","long",10,"different",1,"AG-AG",
0.163,0.015,"CH-WY","long",10,"different",1,"AG-HG",
0.202,0.017,"CH-CO","long",10,"different",1,"AG-AG",
0.18,0.015,"CH-SEUK","long",10,"different",1,"AG-AG",
0.177,0.014,"CH-NWUK","long",10,"different",1,"AG-AG",
0.206,0.015,"CH-IR","long",10,"different",1,"AG-AG",
0.183,0.015,"CH-SCT","long",10,"different",1,"AG-AG",
0.266,0.017,"CA-AZ","short",10,"same",1,"AG-HG",
0.16,0.02,"CA-NV","short",10,"same",1,"HG-HG",
0.228,0.016,"CA-NM","medium",10,"same",1,"AG-HG",
0.266,0.018,"CA-UT","medium",10,"same",1,"AG-HG",
0.241,0.018,"CA-WY","medium",10,"same",1,"HG-HG",
0.226,0.014,"CA-CO","medium",10,"same",1,"AG-HG",
0.205,0.016,"CA-SEUK","long",10,"different",1,"AG-HG",
0.227,0.016,"CA-NWUK","long",10,"different",1,"AG-HG",
0.248,0.016,"CA-IR","long",10,"different",1,"AG-HG",
0.22,0.015,"CA-SCT","long",10,"different",1,"AG-HG",
0.222,0.019,"AZ-NV","medium",10,"same",1,"AG-HG",
0.253,0.015,"AZ-NM","short",10,"same",1,"AG-AG",
0.33,0.017,"AZ-UT","short",10,"same",1,"AG-AG",
0.272,0.014,"AZ-WY","medium",10,"same",1,"AG-HG",
0.265,0.015,"AZ-CO","short",10,"same",1,"AG-AG",
0.267,0.016,"AZ-SEUK","long",10,"different",1,"AG-AG",
0.306,0.016,"AZ-NWUK","long",10,"different",1,"AG-AG",
0.302,0.017,"AZ-IR","long",10,"different",1,"AG-AG",
0.357,0.015,"AZ-SCT","long",10,"different",1,"AG-AG",
0.221,0.021,"NV-NM","medium",10,"same",1,"AG-HG",
0.227,0.021,"NV-UT","short",10,"same",1,"AG-HG",
0.209,0.017,"NV-WY","medium",10,"same",1,"HG-HG",
0.262,0.015,"NV-CO","medium",10,"same",1,"AG-HG",
0.189,0.021,"NV-SEUK","long",10,"different",1,"AG-HG",
0.221,0.02,"NV-NWUK","long",10,"different",1,"AG-HG",
0.18,0.017,"NV-IR","long",10,"different",1,"AG-HG",
0.176,0.018,"NV-SCT","long",10,"different",1,"AG-HG",
0.256,0.016,"NM-UT","short",10,"same",1,"AG-AG",
0.215,0.016,"NM-WY","medium",10,"same",1,"AG-HG",
0.241,0.016,"NM-CO","short",10,"same",1,"AG-AG",
0.25,0.016,"NM-SEUK","long",10,"different",1,"AG-AG",
0.245,0.014,"NM-NWUK","long",10,"different",1,"AG-AG",
0.249,0.016,"NM-IR","long",10,"different",1,"AG-AG",
0.231,0.017,"NM-SCT","long",10,"different",1,"AG-AG",
0.312,0.018,"UT-WY","short",10,"same",1,"AG-HG",
0.3,0.015,"UT-CO","short",10,"same",1,"AG-AG",
0.313,0.016,"UT-SEUK","long",10,"different",1,"AG-AG",
0.261,0.017,"UT-NWUK","long",10,"different",1,"AG-AG",
0.362,0.015,"UT-IR","long",10,"different",1,"AG-AG",
0.221,0.015,"UT-SCT","long",10,"different",1,"AG-AG",
0.321,0.016,"WY-CO","short",10,"same",1,"AG-HG",
0.252,0.015,"WY-SEUK","long",10,"different",1,"AG-HG",
0.231,0.016,"WY-NWUK","long",10,"different",1,"AG-HG",
0.235,0.016,"WY-IR","long",10,"different",1,"AG-HG",
0.243,0.015,"WY-SCT","long",10,"different",1,"AG-HG",
0.256,0.014,"CO-SEUK","long",10,"different",1,"AG-AG",
0.26,0.015,"CO-NWUK","long",10,"different",1,"AG-AG",
0.245,0.014,"CO-IR","long",10,"different",1,"AG-AG",
0.226,0.015,"CO-SCT","long",10,"different",1,"AG-AG",
0.225,0.015,"SEUK-NWUK","short",10,"same",1,"AG-AG",
0.274,0.014,"SEUK-IR","short",10,"same",1,"AG-AG",
0.213,0.016,"SEUK-SCT","short",10,"same",1,"AG-AG",
0.281,0.016,"NWUK-IR","short",10,"same",1,"AG-AG",
0.307,0.014,"NWUK-SCT","short",10,"same",1,"AG-AG",
0.238,0.015,"IR-SCT","short",10,"same",1,"AG-AG",
0.21,0.04,"AU-CH","long",20,"different",1,"AG-HG",
0.147,0.037,"AU-CA","long",20,"different",1,"HG-HG",
0.217,0.039,"AU-AZ","long",20,"different",1,"AG-HG",
0.094,0.042,"AU-NV","long",20,"different",1,"HG-HG",
0.132,0.034,"AU-NM","long",20,"different",1,"AG-HG",
0.139,0.037,"AU-UT","long",20,"different",1,"AG-HG",
0.212,0.036,"AU-WY","long",20,"different",1,"HG-HG",
0.153,0.031,"AU-CO","long",20,"different",1,"AG-HG",
0.153,0.034,"AU-SEUK","long",20,"different",1,"AG-HG",
0.136,0.036,"AU-NWUK","long",20,"different",1,"AG-HG",
0.124,0.034,"AU-IR","long",20,"different",1,"AG-HG",
0.168,0.036,"AU-SCT","long",20,"different",1,"AG-HG",
0.107,0.03,"CH-CA","long",20,"different",1,"AG-HG",
0.155,0.034,"CH-AZ","long",20,"different",1,"AG-AG",
0.069,0.037,"CH-NV","long",20,"different",1,"AG-HG",
0.112,0.032,"CH-NM","long",20,"different",1,"AG-AG",
0.134,0.03,"CH-UT","long",20,"different",1,"AG-AG",
0.138,0.032,"CH-WY","long",20,"different",1,"AG-HG",
0.162,0.026,"CH-CO","long",20,"different",1,"AG-AG",
0.127,0.035,"CH-SEUK","long",20,"different",1,"AG-AG",
0.11,0.034,"CH-NWUK","long",20,"different",1,"AG-AG",
0.109,0.031,"CH-IR","long",20,"different",1,"AG-AG",
0.1,0.032,"CH-SCT","long",20,"different",1,"AG-AG",
0.199,0.032,"CA-AZ","short",20,"same",1,"AG-HG",
0.104,0.042,"CA-NV","short",20,"same",1,"HG-HG",
0.149,0.035,"CA-NM","medium",20,"same",1,"AG-HG",
0.172,0.036,"CA-UT","medium",20,"same",1,"AG-HG",
0.159,0.038,"CA-WY","medium",20,"same",1,"HG-HG",
0.146,0.031,"CA-CO","medium",20,"same",1,"AG-HG",
0.111,0.033,"CA-SEUK","long",20,"different",1,"AG-HG",
0.163,0.035,"CA-NWUK","long",20,"different",1,"AG-HG",
0.187,0.033,"CA-IR","long",20,"different",1,"AG-HG",
0.144,0.032,"CA-SCT","long",20,"different",1,"AG-HG",
0.138,0.038,"AZ-NV","medium",20,"same",1,"AG-HG",
0.177,0.035,"AZ-NM","short",20,"same",1,"AG-AG",
0.217,0.033,"AZ-UT","short",20,"same",1,"AG-AG",
0.25,0.034,"AZ-WY","medium",20,"same",1,"AG-HG",
0.202,0.03,"AZ-CO","short",20,"same",1,"AG-AG",
0.192,0.033,"AZ-SEUK","long",20,"different",1,"AG-AG",
0.277,0.03,"AZ-NWUK","long",20,"different",1,"AG-AG",
0.211,0.029,"AZ-IR","long",20,"different",1,"AG-AG",
0.272,0.026,"AZ-SCT","long",20,"different",1,"AG-AG",
0.157,0.043,"NV-NM","medium",20,"same",1,"AG-HG",
0.157,0.039,"NV-UT","short",20,"same",1,"AG-HG",
0.146,0.05,"NV-WY","medium",20,"same",1,"HG-HG",
0.134,0.038,"NV-CO","medium",20,"same",1,"AG-HG",
0.128,0.038,"NV-SEUK","long",20,"different",1,"AG-HG",
0.135,0.034,"NV-NWUK","long",20,"different",1,"AG-HG",
0.143,0.034,"NV-IR","long",20,"different",1,"AG-HG",
0.111,0.039,"NV-SCT","long",20,"different",1,"AG-HG",
0.144,0.034,"NM-UT","short",20,"same",1,"AG-AG",
0.158,0.031,"NM-WY","medium",20,"same",1,"AG-HG",
0.143,0.031,"NM-CO","short",20,"same",1,"AG-AG",
0.158,0.028,"NM-SEUK","long",20,"different",1,"AG-AG",
0.183,0.033,"NM-NWUK","long",20,"different",1,"AG-AG",
0.15,0.033,"NM-IR","long",20,"different",1,"AG-AG",
0.127,0.038,"NM-SCT","long",20,"different",1,"AG-AG",
0.242,0.03,"UT-WY","short",20,"same",1,"AG-HG",
0.206,0.032,"UT-CO","short",20,"same",1,"AG-AG",
0.209,0.029,"UT-SEUK","long",20,"different",1,"AG-AG",
0.165,0.035,"UT-NWUK","long",20,"different",1,"AG-AG",
0.227,0.03,"UT-IR","long",20,"different",1,"AG-AG",
0.113,0.031,"UT-SCT","long",20,"different",1,"AG-AG",
0.311,0.034,"WY-CO","short",20,"same",1,"AG-HG",
0.228,0.035,"WY-SEUK","long",20,"different",1,"AG-HG",
0.166,0.03,"WY-NWUK","long",20,"different",1,"AG-HG",
0.132,0.031,"WY-IR","long",20,"different",1,"AG-HG",
0.185,0.041,"WY-SCT","long",20,"different",1,"AG-HG",
0.228,0.035,"CO-SEUK","long",20,"different",1,"AG-AG",
0.148,0.03,"CO-NWUK","long",20,"different",1,"AG-AG",
0.178,0.029,"CO-IR","long",20,"different",1,"AG-AG",
0.14,0.035,"CO-SCT","long",20,"different",1,"AG-AG",
0.141,0.034,"SEUK-NWUK","short",20,"same",1,"AG-AG",
0.157,0.029,"SEUK-IR","short",20,"same",1,"AG-AG",
0.15,0.031,"SEUK-SCT","short",20,"same",1,"AG-AG",
0.199,0.028,"NWUK-IR","short",20,"same",1,"AG-AG",
0.194,0.031,"NWUK-SCT","short",20,"same",1,"AG-AG",
0.144,0.03,"IR-SCT","short",20,"same",1,"AG-AG",
0.174,0.053,"AU-CH","long",30,"different",1,"AG-HG",
0.112,0.06,"AU-CA","long",30,"different",1,"HG-HG",
0.099,0.058,"AU-AZ","long",30,"different",1,"AG-HG",
0.076,0.06,"AU-NV","long",30,"different",1,"HG-HG",
0.12,0.058,"AU-NM","long",30,"different",1,"AG-HG",
0.163,0.059,"AU-UT","long",30,"different",1,"AG-HG",
0.159,0.054,"AU-WY","long",30,"different",1,"HG-HG",
0.108,0.047,"AU-CO","long",30,"different",1,"AG-HG",
0.127,0.058,"AU-SEUK","long",30,"different",1,"AG-HG",
0.081,0.068,"AU-NWUK","long",30,"different",1,"AG-HG",
0.114,0.054,"AU-IR","long",30,"different",1,"AG-HG",
0.096,0.055,"AU-SCT","long",30,"different",1,"AG-HG",
0.095,0.051,"CH-CA","long",30,"different",1,"AG-HG",
0.097,0.042,"CH-AZ","long",30,"different",1,"AG-AG",
0.065,0.044,"CH-NV","long",30,"different",1,"AG-HG",
0.15,0.05,"CH-NM","long",30,"different",1,"AG-AG",
0.112,0.046,"CH-UT","long",30,"different",1,"AG-AG",
0.086,0.05,"CH-WY","long",30,"different",1,"AG-HG",
0.112,0.048,"CH-CO","long",30,"different",1,"AG-AG",
0.091,0.045,"CH-SEUK","long",30,"different",1,"AG-AG",
0.088,0.047,"CH-NWUK","long",30,"different",1,"AG-AG",
0.139,0.054,"CH-IR","long",30,"different",1,"AG-AG",
0.09,0.046,"CH-SCT","long",30,"different",1,"AG-AG",
0.156,0.049,"CA-AZ","short",30,"same",1,"AG-HG",
0.06,0.057,"CA-NV","short",30,"same",1,"HG-HG",
0.115,0.052,"CA-NM","medium",30,"same",1,"AG-HG",
0.171,0.051,"CA-UT","medium",30,"same",1,"AG-HG",
0.14,0.059,"CA-WY","medium",30,"same",1,"HG-HG",
0.108,0.054,"CA-CO","medium",30,"same",1,"AG-HG",
0.114,0.054,"CA-SEUK","long",30,"different",1,"AG-HG",
0.134,0.049,"CA-NWUK","long",30,"different",1,"AG-HG",
0.165,0.056,"CA-IR","long",30,"different",1,"AG-HG",
0.133,0.048,"CA-SCT","long",30,"different",1,"AG-HG",
0.068,0.047,"AZ-NV","medium",30,"same",1,"AG-HG",
0.132,0.05,"AZ-NM","short",30,"same",1,"AG-AG",
0.173,0.048,"AZ-UT","short",30,"same",1,"AG-AG",
0.228,0.047,"AZ-WY","medium",30,"same",1,"AG-HG",
0.115,0.042,"AZ-CO","short",30,"same",1,"AG-AG",
0.121,0.041,"AZ-SEUK","long",30,"different",1,"AG-AG",
0.223,0.051,"AZ-NWUK","long",30,"different",1,"AG-AG",
0.094,0.051,"AZ-IR","long",30,"different",1,"AG-AG",
0.214,0.041,"AZ-SCT","long",30,"different",1,"AG-AG",
0.135,0.047,"NV-NM","medium",30,"same",1,"AG-HG",
0.108,0.048,"NV-UT","short",30,"same",1,"AG-HG",
0.137,0.047,"NV-WY","medium",30,"same",1,"HG-HG",
0.102,0.044,"NV-CO","medium",30,"same",1,"AG-HG",
0.073,0.042,"NV-SEUK","long",30,"different",1,"AG-HG",
0.108,0.047,"NV-NWUK","long",30,"different",1,"AG-HG",
0.082,0.05,"NV-IR","long",30,"different",1,"AG-HG",
0.098,0.043,"NV-SCT","long",30,"different",1,"AG-HG",
0.107,0.05,"NM-UT","short",30,"same",1,"AG-AG",
0.098,0.048,"NM-WY","medium",30,"same",1,"AG-HG",
0.108,0.051,"NM-CO","short",30,"same",1,"AG-AG",
0.155,0.051,"NM-SEUK","long",30,"different",1,"AG-AG",
0.125,0.048,"NM-NWUK","long",30,"different",1,"AG-AG",
0.169,0.044,"NM-IR","long",30,"different",1,"AG-AG",
0.1,0.048,"NM-SCT","long",30,"different",1,"AG-AG",
0.184,0.048,"UT-WY","short",30,"same",1,"AG-HG",
0.155,0.047,"UT-CO","short",30,"same",1,"AG-AG",
0.128,0.055,"UT-SEUK","long",30,"different",1,"AG-AG",
0.156,0.048,"UT-NWUK","long",30,"different",1,"AG-AG",
0.21,0.05,"UT-IR","long",30,"different",1,"AG-AG",
0.067,0.045,"UT-SCT","long",30,"different",1,"AG-AG",
0.178,0.047,"WY-CO","short",30,"same",1,"AG-HG",
0.095,0.049,"WY-SEUK","long",30,"different",1,"AG-HG",
0.1,0.046,"WY-NWUK","long",30,"different",1,"AG-HG",
0.128,0.048,"WY-IR","long",30,"different",1,"AG-HG",
0.144,0.043,"WY-SCT","long",30,"different",1,"AG-HG",
0.157,0.057,"CO-SEUK","long",30,"different",1,"AG-AG",
0.077,0.053,"CO-NWUK","long",30,"different",1,"AG-AG",
0.145,0.045,"CO-IR","long",30,"different",1,"AG-AG",
0.096,0.047,"CO-SCT","long",30,"different",1,"AG-AG",
0.081,0.044,"SEUK-NWUK","short",30,"same",1,"AG-AG",
0.114,0.05,"SEUK-IR","short",30,"same",1,"AG-AG",
0.129,0.046,"SEUK-SCT","short",30,"same",1,"AG-AG",
0.176,0.052,"NWUK-IR","short",30,"same",1,"AG-AG",
0.22,0.055,"NWUK-SCT","short",30,"same",1,"AG-AG",
0.121,0.053,"IR-SCT","short",30,"same",1,"AG-AG",
0.093,0.089,"AU-CH","long",50,"different",1,"AG-HG",0.0813205128
0.07,0.108,"AU-CA","long",50,"different",0,"HG-HG",
0.089,0.088,"AU-AZ","long",50,"different",1,"AG-HG",
0.026,0.086,"AU-NV","long",50,"different",0,"HG-HG",
0.052,0.092,"AU-NM","long",50,"different",0,"AG-HG",
0.104,0.094,"AU-UT","long",50,"different",1,"AG-HG",
0.127,0.104,"AU-WY","long",50,"different",1,"HG-HG",
0.059,0.095,"AU-CO","long",50,"different",0,"AG-HG",
0.038,0.087,"AU-SEUK","long",50,"different",0,"AG-HG",
0.065,0.092,"AU-NWUK","long",50,"different",0,"AG-HG",
0.09,0.104,"AU-IR","long",50,"different",0,"AG-HG",
0.072,0.089,"AU-SCT","long",50,"different",0,"AG-HG",
0.058,0.081,"CH-CA","long",50,"different",0,"AG-HG",
0.069,0.08,"CH-AZ","long",50,"different",0,"AG-AG",
0.03,0.075,"CH-NV","long",50,"different",0,"AG-HG",
0.097,0.085,"CH-NM","long",50,"different",1,"AG-AG",
0.053,0.084,"CH-UT","long",50,"different",0,"AG-AG",
0.088,0.072,"CH-WY","long",50,"different",1,"AG-HG",
0.067,0.073,"CH-CO","long",50,"different",0,"AG-AG",
0.073,0.085,"CH-SEUK","long",50,"different",0,"AG-AG",
0.041,0.087,"CH-NWUK","long",50,"different",0,"AG-AG",
0.067,0.071,"CH-IR","long",50,"different",0,"AG-AG",
0.113,0.073,"CH-SCT","long",50,"different",1,"AG-AG",
0.058,0.079,"CA-AZ","short",50,"same",0,"AG-HG",
0.035,0.084,"CA-NV","short",50,"same",0,"HG-HG",
0.073,0.095,"CA-NM","medium",50,"same",0,"AG-HG",
0.057,0.089,"CA-UT","medium",50,"same",0,"AG-HG",
0.08,0.079,"CA-WY","medium",50,"same",1,"HG-HG",
0.066,0.105,"CA-CO","medium",50,"same",0,"AG-HG",
0.033,0.085,"CA-SEUK","long",50,"different",0,"AG-HG",
0.052,0.09,"CA-NWUK","long",50,"different",0,"AG-HG",
0.054,0.087,"CA-IR","long",50,"different",0,"AG-HG",
0.086,0.088,"CA-SCT","long",50,"different",0,"AG-HG",
0.033,0.083,"AZ-NV","medium",50,"same",0,"AG-HG",
0.068,0.091,"AZ-NM","short",50,"same",0,"AG-AG",
0.159,0.091,"AZ-UT","short",50,"same",1,"AG-AG",
0.169,0.078,"AZ-WY","medium",50,"same",1,"AG-HG",
0.092,0.09,"AZ-CO","short",50,"same",1,"AG-AG",
0.09,0.076,"AZ-SEUK","long",50,"different",1,"AG-AG",
0.128,0.075,"AZ-NWUK","long",50,"different",1,"AG-AG",
0.066,0.076,"AZ-IR","long",50,"different",0,"AG-AG",
0.171,0.088,"AZ-SCT","long",50,"different",1,"AG-AG",
0.08,0.083,"NV-NM","medium",50,"same",0,"AG-HG",
0.047,0.09,"NV-UT","short",50,"same",0,"AG-HG",
0.084,0.089,"NV-WY","medium",50,"same",0,"HG-HG",
0.025,0.091,"NV-CO","medium",50,"same",0,"AG-HG",
0.05,0.083,"NV-SEUK","long",50,"different",0,"AG-HG",
0.048,0.085,"NV-NWUK","long",50,"different",0,"AG-HG",
0.029,0.071,"NV-IR","long",50,"different",0,"AG-HG",
0.052,0.096,"NV-SCT","long",50,"different",0,"AG-HG",
0.043,0.083,"NM-UT","short",50,"same",0,"AG-AG",
0.059,0.086,"NM-WY","medium",50,"same",0,"AG-HG",
0.085,0.078,"NM-CO","short",50,"same",1,"AG-AG",
0.099,0.088,"NM-SEUK","long",50,"different",1,"AG-AG",
0.072,0.084,"NM-NWUK","long",50,"different",0,"AG-AG",
0.061,0.105,"NM-IR","long",50,"different",0,"AG-AG",
0.089,0.09,"NM-SCT","long",50,"different",0,"AG-AG",
0.126,0.091,"UT-WY","short",50,"same",1,"AG-HG",
0.075,0.082,"UT-CO","short",50,"same",0,"AG-AG",
0.071,0.092,"UT-SEUK","long",50,"different",0,"AG-AG",
0.071,0.097,"UT-NWUK","long",50,"different",0,"AG-AG",
0.181,0.09,"UT-IR","long",50,"different",1,"AG-AG",
0.03,0.083,"UT-SCT","long",50,"different",0,"AG-AG",
0.139,0.082,"WY-CO","short",50,"same",1,"AG-HG",
0.135,0.093,"WY-SEUK","long",50,"different",1,"AG-HG",
0.082,0.086,"WY-NWUK","long",50,"different",0,"AG-HG",
0.058,0.074,"WY-IR","long",50,"different",0,"AG-HG",
0.151,0.09,"WY-SCT","long",50,"different",1,"AG-HG",
0.048,0.083,"CO-SEUK","long",50,"different",0,"AG-AG",
0.048,0.089,"CO-NWUK","long",50,"different",0,"AG-AG",
0.114,0.078,"CO-IR","long",50,"different",1,"AG-AG",
0.063,0.08,"CO-SCT","long",50,"different",0,"AG-AG",
0.106,0.074,"SEUK-NWUK","short",50,"same",1,"AG-AG",
0.086,0.079,"SEUK-IR","short",50,"same",1,"AG-AG",
0.175,0.086,"SEUK-SCT","short",50,"same",1,"AG-AG",
0.12,0.085,"NWUK-IR","short",50,"same",1,"AG-AG",
0.215,0.084,"NWUK-SCT","short",50,"same",1,"AG-AG",
0.115,0.075,"IR-SCT","short",50,"same",1,"AG-AG",
0.105,0.208,"AU-CH","long",100,"different",0,"AG-HG",
0.1,0.225,"AU-CA","long",100,"different",0,"HG-HG",
0.067,0.236,"AU-AZ","long",100,"different",0,"AG-HG",
0.034,0.199,"AU-NV","long",100,"different",0,"HG-HG",
0.019,0.205,"AU-NM","long",100,"different",0,"AG-HG",
0.097,0.25,"AU-UT","long",100,"different",0,"AG-HG",
0.037,0.193,"AU-WY","long",100,"different",0,"HG-HG",
0.036,0.265,"AU-CO","long",100,"different",0,"AG-HG",
0.043,0.213,"AU-SEUK","long",100,"different",0,"AG-HG",
0.034,0.204,"AU-NWUK","long",100,"different",0,"AG-HG",
0.128,0.211,"AU-IR","long",100,"different",0,"AG-HG",
0.075,0.225,"AU-SCT","long",100,"different",0,"AG-HG",
0.091,0.205,"CH-CA","long",100,"different",0,"AG-HG",
0.072,0.206,"CH-AZ","long",100,"different",0,"AG-AG",
0.04,0.178,"CH-NV","long",100,"different",0,"AG-HG",
0.063,0.188,"CH-NM","long",100,"different",0,"AG-AG",
0.036,0.184,"CH-UT","long",100,"different",0,"AG-AG",
0.015,0.161,"CH-WY","long",100,"different",0,"AG-HG",
0.052,0.185,"CH-CO","long",100,"different",0,"AG-AG",
0.07,0.169,"CH-SEUK","long",100,"different",0,"AG-AG",
0.056,0.173,"CH-NWUK","long",100,"different",0,"AG-AG",
0.088,0.19,"CH-IR","long",100,"different",0,"AG-AG",
0.057,0.157,"CH-SCT","long",100,"different",0,"AG-AG",
0.061,0.217,"CA-AZ","short",100,"same",0,"AG-HG",
0.059,0.201,"CA-NV","short",100,"same",0,"HG-HG",
0.133,0.221,"CA-NM","medium",100,"same",0,"AG-HG",
0.093,0.238,"CA-UT","medium",100,"same",0,"AG-HG",
0.073,0.197,"CA-WY","medium",100,"same",0,"HG-HG",
0.066,0.215,"CA-CO","medium",100,"same",0,"AG-HG",
0.045,0.214,"CA-SEUK","long",100,"different",0,"AG-HG",
0.078,0.229,"CA-NWUK","long",100,"different",0,"AG-HG",
0.064,0.179,"CA-IR","long",100,"different",0,"AG-HG",
0.087,0.191,"CA-SCT","long",100,"different",0,"AG-HG",
0.061,0.156,"AZ-NV","medium",100,"same",0,"AG-HG",
0.111,0.172,"AZ-NM","short",100,"same",0,"AG-AG",
0.11,0.195,"AZ-UT","short",100,"same",0,"AG-AG",
0.139,0.161,"AZ-WY","medium",100,"same",0,"AG-HG",
0.078,0.2,"AZ-CO","short",100,"same",0,"AG-AG",
0.06,0.202,"AZ-SEUK","long",100,"different",0,"AG-AG",
0.078,0.2,"AZ-NWUK","long",100,"different",0,"AG-AG",
0.041,0.184,"AZ-IR","long",100,"different",0,"AG-AG",
0.356,0.2,"AZ-SCT","long",100,"different",1,"AG-AG",
0.085,0.172,"NV-NM","medium",100,"same",0,"AG-HG",
0.19,0.194,"NV-UT","short",100,"same",0,"AG-HG",
0.1,0.173,"NV-WY","medium",100,"same",0,"HG-HG",
0.04,0.178,"NV-CO","medium",100,"same",0,"AG-HG",
0.034,0.168,"NV-SEUK","long",100,"different",0,"AG-HG",
0.108,0.19,"NV-NWUK","long",100,"different",0,"AG-HG",
0.065,0.167,"NV-IR","long",100,"different",0,"AG-HG",
0.057,0.177,"NV-SCT","long",100,"different",0,"AG-HG",
0.03,0.195,"NM-UT","short",100,"same",0,"AG-AG",
0.148,0.158,"NM-WY","medium",100,"same",0,"AG-HG",
0.073,0.181,"NM-CO","short",100,"same",0,"AG-AG",
0.073,0.152,"NM-SEUK","long",100,"different",0,"AG-AG",
0.033,0.185,"NM-NWUK","long",100,"different",0,"AG-AG",
0.086,0.169,"NM-IR","long",100,"different",0,"AG-AG",
0.079,0.176,"NM-SCT","long",100,"different",0,"AG-AG",
0.122,0.165,"UT-WY","short",100,"same",0,"AG-HG",
0.072,0.188,"UT-CO","short",100,"same",0,"AG-AG",
0.046,0.169,"UT-SEUK","long",100,"different",0,"AG-AG",
0.105,0.202,"UT-NWUK","long",100,"different",0,"AG-AG",
0.134,0.176,"UT-IR","long",100,"different",0,"AG-AG",
0.064,0.175,"UT-SCT","long",100,"different",0,"AG-AG",
0.18,0.16,"WY-CO","short",100,"same",1,"AG-HG",
0.081,0.164,"WY-SEUK","long",100,"different",0,"AG-HG",
0.078,0.191,"WY-NWUK","long",100,"different",0,"AG-HG",
0.017,0.164,"WY-IR","long",100,"different",0,"AG-HG",
0.073,0.153,"WY-SCT","long",100,"different",0,"AG-HG",
0.072,0.172,"CO-SEUK","long",100,"different",0,"AG-AG",
0.102,0.18,"CO-NWUK","long",100,"different",0,"AG-AG",
0.066,0.204,"CO-IR","long",100,"different",0,"AG-AG",
0.034,0.186,"CO-SCT","long",100,"different",0,"AG-AG",
0.163,0.188,"SEUK-NWUK","short",100,"same",0,"AG-AG",
0.243,0.163,"SEUK-IR","short",100,"same",1,"AG-AG",
0.047,0.189,"SEUK-SCT","short",100,"same",0,"AG-AG",
0.09,0.172,"NWUK-IR","short",100,"same",0,"AG-AG",
0.125,0.202,"NWUK-SCT","short",100,"same",0,"AG-AG",
0.261,0.153,"IR-SCT","short",100,"same",1,"AG-AG",
