MI,NullMI,Pair,Extent,Bin,Continent,Sig,Niche,UCoEff,Pair2,Continent2,Extent2
0.317,0.017,AU-CH,long,10,different,1,AG-HG,0.14,AZ-CA,same,short
0.179,0.019,AU-CA,long,10,different,1,HG-HG,0.139,AZ-CO,same,short
0.208,0.016,AU-AZ,long,10,different,1,AG-HG,0.134,AZ-NM,same,short
0.125,0.021,AU-NV,long,10,different,1,HG-HG,0.116,AZ-NV,same,short
0.145,0.016,AU-NM,long,10,different,1,AG-HG,0.174,AZ-UT,same,short
0.202,0.017,AU-UT,long,10,different,1,AG-HG,0.144,AZ-WY,same,medium
0.188,0.019,AU-WY,long,10,different,1,HG-HG,0.141,AZ-SE,different,long
0.202,0.017,AU-CO,long,10,different,1,AG-HG,0.161,AZ-NW,different,long
0.153,0.018,AU-SEUK,long,10,different,1,AG-HG,0.16,AZ-IR,different,long
0.165,0.019,AU-NWUK,long,10,different,1,AG-HG,0.187,AZ-SC,different,long
0.185,0.017,AU-IR,long,10,different,1,AG-HG,0.11,AZ-AU,different,long
0.182,0.017,AU-SCT,long,10,different,1,AG-HG,0.1,AZ-CH,different,long
0.168,0.015,CH-CA,long,10,different,1,AG-HG,0.118,CA-CO,same,medium
0.198,0.015,CH-AZ,long,10,different,1,AG-AG,0.12,CA-NM,same,medium
0.14,0.018,CH-NV,long,10,different,1,AG-HG,0.08,CA-NV,same,short
0.155,0.016,CH-NM,long,10,different,1,AG-AG,0.139,CA-UT,same,medium
0.223,0.015,CH-UT,long,10,different,1,AG-AG,0.127,CA-WY,same,medium
0.163,0.015,CH-WY,long,10,different,1,AG-HG,0.108,CA-SE,different,long
0.202,0.017,CH-CO,long,10,different,1,AG-AG,0.11,CA-NW,different,long
0.18,0.015,CH-SEUK,long,10,different,1,AG-AG,0.13,CA-IR,different,long
0.177,0.014,CH-NWUK,long,10,different,1,AG-AG,0.115,CA-SC,different,long
0.206,0.015,CH-IR,long,10,different,1,AG-AG,0.094,CA-AU,different,long
0.183,0.015,CH-SCT,long,10,different,1,AG-AG,0.088,CA-CH,different,long
0.266,0.017,CA-AZ,short,10,same,1,AG-HG,0.127,CO-NM,same,short
0.16,0.02,CA-NV,short,10,same,1,HG-HG,0.137,CO-NV,same,medium
0.228,0.016,CA-NM,medium,10,same,1,AG-HG,0.158,CO-UT,same,short
0.266,0.018,CA-UT,medium,10,same,1,AG-HG,0.169,CO-WY,same,short
0.241,0.018,CA-WY,medium,10,same,1,HG-HG,0.135,CO-SE,different,long
0.226,0.014,CA-CO,medium,10,same,1,AG-HG,0.137,CO-NW,different,long
0.205,0.016,CA-SEUK,long,10,different,1,AG-HG,0.129,CO-IR,different,long
0.227,0.016,CA-NWUK,long,10,different,1,AG-HG,0.11,CO-SC,different,long
0.248,0.016,CA-IR,long,10,different,1,AG-HG,0.106,CO-AU,different,long
0.22,0.015,CA-SCT,long,10,different,1,AG-HG,0.106,CO-CH,different,long
0.222,0.019,AZ-NV,medium,10,same,1,AG-HG,0.116,NM-NV,same,medium
0.253,0.015,AZ-NM,short,10,same,1,AG-AG,0.134,NM-UT,same,short
0.33,0.017,AZ-UT,short,10,same,1,AG-AG,0.114,NM-WY,same,medium
0.272,0.014,AZ-WY,medium,10,same,1,AG-HG,0.132,NM-SE,different,long
0.265,0.015,AZ-CO,short,10,same,1,AG-AG,0.129,NM-NW,different,long
0.267,0.016,AZ-SEUK,long,10,different,1,AG-AG,0.13,NM-IR,different,long
0.306,0.016,AZ-NWUK,long,10,different,1,AG-AG,0.12,NM-SC,different,long
0.302,0.017,AZ-IR,long,10,different,1,AG-AG,0.07,NM-AU,different,long
0.357,0.015,AZ-SCT,long,10,different,1,AG-AG,0.081,NM-CH,different,long
0.221,0.021,NV-NM,medium,10,same,1,AG-HG,0.118,NV-UT,same,short
0.227,0.021,NV-UT,short,10,same,1,AG-HG,0.11,NV-WY,same,medium
0.209,0.017,NV-WY,medium,10,same,1,HG-HG,0.09,NV-SE,different,long
0.262,0.015,NV-CO,medium,10,same,1,AG-HG,0.116,NV-NW,different,long
0.189,0.021,NV-SEUK,long,10,different,1,AG-HG,0.09,NV-IRE,different,long
0.221,0.02,NV-NWUK,long,10,different,1,AG-HG,0.09,NV-SC,different,long
0.18,0.017,NV-IR,long,10,different,1,AG-HG,0.06,NV-AU,different,long
0.176,0.018,NV-SCT,long,10,different,1,AG-HG,0.073,NV-CH,different,long
0.256,0.016,NM-UT,short,10,same,1,AG-AG,0.164,UT-WY,same,short
0.215,0.016,NM-WY,medium,10,same,1,AG-HG,0.164,UT-SE,different,long
0.241,0.016,NM-CO,short,10,same,1,AG-AG,0.137,UT-NW,different,long
0.25,0.016,NM-SEUK,long,10,different,1,AG-AG,0.19,UT-IRE,different,long
0.245,0.014,NM-NWUK,long,10,different,1,AG-AG,0.115,UT-SC,different,long
0.249,0.016,NM-IR,long,10,different,1,AG-AG,0.1,UT-AU,different,long
0.231,0.017,NM-SCT,long,10,different,1,AG-AG,0.116,UT-CH,different,long
0.312,0.018,UT-WY,short,10,same,1,AG-HG,0.133,WY-SE,different,long
0.3,0.015,UT-CO,short,10,same,1,AG-AG,0.122,WY-NW,different,long
0.313,0.016,UT-SEUK,long,10,different,1,AG-AG,0.124,WY-IR,different,long
0.261,0.017,UT-NWUK,long,10,different,1,AG-AG,0.127,WY-SC,different,long
0.362,0.015,UT-IR,long,10,different,1,AG-AG,0.09,WY-AU,different,long
0.221,0.015,UT-SCT,long,10,different,1,AG-AG,0.086,WY-CH,different,long
0.321,0.016,WY-CO,short,10,same,1,AG-HG,0.119,SE-NW,same,short
0.252,0.015,WY-SEUK,long,10,different,1,AG-HG,0.144,SE-IRE,same,medium
0.231,0.016,WY-NWUK,long,10,different,1,AG-HG,0.122,SE-SC,same,medium
0.235,0.016,WY-IR,long,10,different,1,AG-HG,0.081,SE-AU,different,long
0.243,0.015,WY-SCT,long,10,different,1,AG-HG,0.094,SE-CH,different,long
0.256,0.014,CO-SEUK,long,10,different,1,AG-AG,0.148,NW-IRE,same,medium
0.26,0.015,CO-NWUK,long,10,different,1,AG-AG,0.16,NW-SC,same,short
0.245,0.014,CO-IR,long,10,different,1,AG-AG,0.08,NW-AU,different,long
0.226,0.015,CO-SCT,long,10,different,1,AG-AG,0.09,NW-CH,different,long
0.225,0.015,SEUK-NWUK,short,10,same,1,AG-AG,0.125,IRE-SC,same,medium
0.274,0.014,SEUK-IR,short,10,same,1,AG-AG,0.097,IRE-AU,different,long
0.213,0.016,SEUK-SCT,short,10,same,1,AG-AG,0.108,IRE-CH,different,long
0.281,0.016,NWUK-IR,short,10,same,1,AG-AG,0.09,SC-AU,different,long
0.307,0.014,NWUK-SCT,short,10,same,1,AG-AG,0.09,SC-CH,different,long
0.238,0.015,IR-SCT,short,10,same,1,AG-AG,0.166,AU-CH,different,long
0.21,0.04,AU-CH,long,20,different,1,AG-HG,0.102,AZ-CA,same,short
0.147,0.037,AU-CA,long,20,different,1,HG-HG,0.102,AZ-CO,same,short
0.217,0.039,AU-AZ,long,20,different,1,AG-HG,0.09,AZ-NM,same,short
0.094,0.042,AU-NV,long,20,different,1,HG-HG,0.07,AZ-NV,same,short
0.132,0.034,AU-NM,long,20,different,1,AG-HG,0.11,AZ-UT,same,short
0.139,0.037,AU-UT,long,20,different,1,AG-HG,0.128,AZ-WY,same,medium
0.212,0.036,AU-WY,long,20,different,1,HG-HG,0.097,AZ-SE,different,long
0.153,0.031,AU-CO,long,20,different,1,AG-HG,0.14,AZ-NW,different,long
0.153,0.034,AU-SEUK,long,20,different,1,AG-HG,0.107,AZ-IR,different,long
0.136,0.036,AU-NWUK,long,20,different,1,AG-HG,0.137,AZ-SC,different,long
0.124,0.034,AU-IR,long,20,different,1,AG-HG,0.11,AZ-AU,different,long
0.168,0.036,AU-SCT,long,20,different,1,AG-HG,0.079,AZ-CH,different,long
0.107,0.03,CH-CA,long,20,different,1,AG-HG,0.074,CA-CO,same,medium
0.155,0.034,CH-AZ,long,20,different,1,AG-AG,0.076,CA-NM,same,medium
0.069,0.037,CH-NV,long,20,different,1,AG-HG,0.053,CA-NV,same,short
0.112,0.032,CH-NM,long,20,different,1,AG-AG,0.088,CA-UT,same,medium
0.134,0.03,CH-UT,long,20,different,1,AG-AG,0.081,CA-WY,same,medium
0.138,0.032,CH-WY,long,20,different,1,AG-HG,0.057,CA-SE,different,long
0.162,0.026,CH-CO,long,20,different,1,AG-AG,0.083,CA-NW,different,long
0.127,0.035,CH-SEUK,long,20,different,1,AG-AG,0.096,CA-IR,different,long
0.11,0.034,CH-NWUK,long,20,different,1,AG-AG,0.073,CA-SC,different,long
0.109,0.031,CH-IR,long,20,different,1,AG-AG,0.075,CA-AU,different,long
0.1,0.032,CH-SCT,long,20,different,1,AG-AG,0.055,CA-CH,different,long
0.199,0.032,CA-AZ,short,20,same,1,AG-HG,0.073,CO-NM,same,short
0.104,0.042,CA-NV,short,20,same,1,HG-HG,0.068,CO-NV,same,medium
0.149,0.035,CA-NM,medium,20,same,1,AG-HG,0.104,CO-UT,same,short
0.172,0.036,CA-UT,medium,20,same,1,AG-HG,0.159,CO-WY,same,short
0.159,0.038,CA-WY,medium,20,same,1,HG-HG,0.116,CO-SE,different,long
0.146,0.031,CA-CO,medium,20,same,1,AG-HG,0.075,CO-NW,different,long
0.111,0.033,CA-SEUK,long,20,different,1,AG-HG,0.09,CO-IR,different,long
0.163,0.035,CA-NWUK,long,20,different,1,AG-HG,0.071,CO-SC,different,long
0.187,0.033,CA-IR,long,20,different,1,AG-HG,0.078,CO-AU,different,long
0.144,0.032,CA-SCT,long,20,different,1,AG-HG,0.08,CO-CH,different,long
0.138,0.038,AZ-NV,medium,20,same,1,AG-HG,0.08,NM-NV,same,medium
0.177,0.035,AZ-NM,short,20,same,1,AG-AG,0.073,NM-UT,same,short
0.217,0.033,AZ-UT,short,20,same,1,AG-AG,0.081,NM-WY,same,medium
0.25,0.034,AZ-WY,medium,20,same,1,AG-HG,0.08,NM-SE,different,long
0.202,0.03,AZ-CO,short,20,same,1,AG-AG,0.093,NM-NW,different,long
0.192,0.033,AZ-SEUK,long,20,different,1,AG-AG,0.077,NM-IR,different,long
0.277,0.03,AZ-NWUK,long,20,different,1,AG-AG,0.065,NM-SC,different,long
0.211,0.029,AZ-IR,long,20,different,1,AG-AG,0.068,NM-AU,different,long
0.272,0.026,AZ-SCT,long,20,different,1,AG-AG,0.057,NM-CH,different,long
0.157,0.043,NV-NM,medium,20,same,1,AG-HG,0.079,NV-UT,same,short
0.157,0.039,NV-UT,short,20,same,1,AG-HG,0.075,NV-WY,same,medium
0.146,0.05,NV-WY,medium,20,same,1,HG-HG,0.065,NV-SE,different,long
0.134,0.038,NV-CO,medium,20,same,1,AG-HG,0.069,NV-NW,different,long
0.128,0.038,NV-SEUK,long,20,different,1,AG-HG,0.073,NV-IRE,different,long
0.135,0.034,NV-NWUK,long,20,different,1,AG-HG,0.056,NV-SC,different,long
0.143,0.034,NV-IR,long,20,different,1,AG-HG,0.048,NV-AU,different,long
0.111,0.039,NV-SCT,long,20,different,1,AG-HG,0.035,NV-CH,different,long
0.144,0.034,NM-UT,short,20,same,1,AG-AG,0.123,UT-WY,same,short
0.158,0.031,NM-WY,medium,20,same,1,AG-HG,0.106,UT-SE,different,long
0.143,0.031,NM-CO,short,20,same,1,AG-AG,0.083,UT-NW,different,long
0.158,0.028,NM-SEUK,long,20,different,1,AG-AG,0.115,UT-IRE,different,long
0.183,0.033,NM-NWUK,long,20,different,1,AG-AG,0.057,UT-SC,different,long
0.15,0.033,NM-IR,long,20,different,1,AG-AG,0.071,UT-AU,different,long
0.127,0.038,NM-SCT,long,20,different,1,AG-AG,0.068,UT-CH,different,long
0.242,0.03,UT-WY,short,20,same,1,AG-HG,0.116,WY-SE,different,long
0.206,0.032,UT-CO,short,20,same,1,AG-AG,0.085,WY-NW,different,long
0.209,0.029,UT-SEUK,long,20,different,1,AG-AG,0.068,WY-IR,different,long
0.165,0.035,UT-NWUK,long,20,different,1,AG-AG,0.094,WY-SC,different,long
0.227,0.03,UT-IR,long,20,different,1,AG-AG,0.109,WY-AU,different,long
0.113,0.031,UT-SCT,long,20,different,1,AG-AG,0.071,WY-CH,different,long
0.311,0.034,WY-CO,short,20,same,1,AG-HG,0.072,SE-NW,same,short
0.228,0.035,WY-SEUK,long,20,different,1,AG-HG,0.08,SE-IRE,same,medium
0.166,0.03,WY-NWUK,long,20,different,1,AG-HG,0.076,SE-SC,same,medium
0.132,0.031,WY-IR,long,20,different,1,AG-HG,0.078,SE-AU,different,long
0.185,0.041,WY-SCT,long,20,different,1,AG-HG,0.064,SE-CH,different,long
0.228,0.035,CO-SEUK,long,20,different,1,AG-AG,0.101,NW-IRE,same,medium
0.148,0.03,CO-NWUK,long,20,different,1,AG-AG,0.098,NW-SC,same,short
0.178,0.029,CO-IR,long,20,different,1,AG-AG,0.069,NW-AU,different,long
0.14,0.035,CO-SCT,long,20,different,1,AG-AG,0.056,NW-CH,different,long
0.141,0.034,SEUK-NWUK,short,20,same,1,AG-AG,0.073,IRE-SC,same,medium
0.157,0.029,SEUK-IR,short,20,same,1,AG-AG,0.063,IRE-AU,different,long
0.15,0.031,SEUK-SCT,short,20,same,1,AG-AG,0.056,IRE-CH,different,long
0.199,0.028,NWUK-IR,short,20,same,1,AG-AG,0.085,SC-AU,different,long
0.194,0.031,NWUK-SCT,short,20,same,1,AG-AG,0.051,SC-CH,different,long
0.144,0.03,IR-SCT,short,20,same,1,AG-AG,0.107,AU-CH,different,long
0.174,0.053,AU-CH,long,30,different,1,AG-HG,0.081,AZ-CA,same,short
0.112,0.06,AU-CA,long,30,different,1,HG-HG,0.059,AZ-CO,same,short
0.099,0.058,AU-AZ,long,30,different,1,AG-HG,0.067,AZ-NM,same,short
0.076,0.06,AU-NV,long,30,different,1,HG-HG,0.035,AZ-NV,same,short
0.12,0.058,AU-NM,long,30,different,1,AG-HG,0.088,AZ-UT,same,short
0.163,0.059,AU-UT,long,30,different,1,AG-HG,0.117,AZ-WY,same,medium
0.159,0.054,AU-WY,long,30,different,1,HG-HG,0.062,AZ-SE,different,long
0.108,0.047,AU-CO,long,30,different,1,AG-HG,0.114,AZ-NW,different,long
0.127,0.058,AU-SEUK,long,30,different,1,AG-HG,0.048,AZ-IR,different,long
0.081,0.068,AU-NWUK,long,30,different,1,AG-HG,0.109,AZ-SC,different,long
0.114,0.054,AU-IR,long,30,different,1,AG-HG,0.051,AZ-AU,different,long
0.096,0.055,AU-SCT,long,30,different,1,AG-HG,0.049,AZ-CH,different,long
0.095,0.051,CH-CA,long,30,different,1,AG-HG,0.055,CA-CO,same,medium
0.097,0.042,CH-AZ,long,30,different,1,AG-AG,0.059,CA-NM,same,medium
0.065,0.044,CH-NV,long,30,different,1,AG-HG,0.031,CA-NV,same,short
0.15,0.05,CH-NM,long,30,different,1,AG-AG,0.088,CA-UT,same,medium
0.112,0.046,CH-UT,long,30,different,1,AG-AG,0.073,CA-WY,same,medium
0.086,0.05,CH-WY,long,30,different,1,AG-HG,0.059,CA-SE,different,long
0.112,0.048,CH-CO,long,30,different,1,AG-AG,0.069,CA-NW,different,long
0.091,0.045,CH-SEUK,long,30,different,1,AG-AG,0.085,CA-IR,different,long
0.088,0.047,CH-NWUK,long,30,different,1,AG-AG,0.068,CA-SC,different,long
0.139,0.054,CH-IR,long,30,different,1,AG-AG,0.059,CA-AU,different,long
0.09,0.046,CH-SCT,long,30,different,1,AG-AG,0.049,CA-CH,different,long
0.156,0.049,CA-AZ,short,30,same,1,AG-HG,0.055,CO-NM,same,short
0.06,0.057,CA-NV,short,30,same,1,HG-HG,0.052,CO-NV,same,medium
0.115,0.052,CA-NM,medium,30,same,1,AG-HG,0.079,CO-UT,same,short
0.171,0.051,CA-UT,medium,30,same,1,AG-HG,0.091,CO-WY,same,short
0.14,0.059,CA-WY,medium,30,same,1,HG-HG,0.08,CO-SE,different,long
0.108,0.054,CA-CO,medium,30,same,1,AG-HG,0.039,CO-NW,different,long
0.114,0.054,CA-SEUK,long,30,different,1,AG-HG,0.073,CO-IR,different,long
0.134,0.049,CA-NWUK,long,30,different,1,AG-HG,0.049,CO-SC,different,long
0.165,0.056,CA-IR,long,30,different,1,AG-HG,0.055,CO-AU,different,long
0.133,0.048,CA-SCT,long,30,different,1,AG-HG,0.057,CO-CH,different,long
0.068,0.047,AZ-NV,medium,30,same,1,AG-HG,0.069,NM-NV,same,medium
0.132,0.05,AZ-NM,short,30,same,1,AG-AG,0.055,NM-UT,same,short
0.173,0.048,AZ-UT,short,30,same,1,AG-AG,0.051,NM-WY,same,medium
0.228,0.047,AZ-WY,medium,30,same,1,AG-HG,0.079,NM-SE,different,long
0.115,0.042,AZ-CO,short,30,same,1,AG-AG,0.064,NM-NW,different,long
0.121,0.041,AZ-SEUK,long,30,different,1,AG-AG,0.086,NM-IR,different,long
0.223,0.051,AZ-NWUK,long,30,different,1,AG-AG,0.051,NM-SC,different,long
0.094,0.051,AZ-IR,long,30,different,1,AG-AG,0.062,NM-AU,different,long
0.214,0.041,AZ-SCT,long,30,different,1,AG-AG,0.077,NM-CH,different,long
0.135,0.047,NV-NM,medium,30,same,1,AG-HG,0.055,NV-UT,same,short
0.108,0.048,NV-UT,short,30,same,1,AG-HG,0.07,NV-WY,same,medium
0.137,0.047,NV-WY,medium,30,same,1,HG-HG,0.037,NV-SE,different,long
0.102,0.044,NV-CO,medium,30,same,1,AG-HG,0.055,NV-NW,different,long
0.073,0.042,NV-SEUK,long,30,different,1,AG-HG,0.042,NV-IRE,different,long
0.108,0.047,NV-NWUK,long,30,different,1,AG-HG,0.05,NV-SC,different,long
0.082,0.05,NV-IR,long,30,different,1,AG-HG,0.039,NV-AU,different,long
0.098,0.043,NV-SCT,long,30,different,1,AG-HG,0.033,NV-CH,different,long
0.107,0.05,NM-UT,short,30,same,1,AG-AG,0.094,UT-WY,same,short
0.098,0.048,NM-WY,medium,30,same,1,AG-HG,0.065,UT-SE,different,long
0.108,0.051,NM-CO,short,30,same,1,AG-AG,0.079,UT-NW,different,long
0.155,0.051,NM-SEUK,long,30,different,1,AG-AG,0.107,UT-IRE,different,long
0.125,0.048,NM-NWUK,long,30,different,1,AG-AG,0.034,UT-SC,different,long
0.169,0.044,NM-IR,long,30,different,1,AG-AG,0.083,UT-AU,different,long
0.1,0.048,NM-SCT,long,30,different,1,AG-AG,0.057,UT-CH,different,long
0.184,0.048,UT-WY,short,30,same,1,AG-HG,0.049,WY-SE,different,long
0.155,0.047,UT-CO,short,30,same,1,AG-AG,0.052,WY-NW,different,long
0.128,0.055,UT-SEUK,long,30,different,1,AG-AG,0.066,WY-IR,different,long
0.156,0.048,UT-NWUK,long,30,different,1,AG-AG,0.074,WY-SC,different,long
0.21,0.05,UT-IR,long,30,different,1,AG-AG,0.082,WY-AU,different,long
0.067,0.045,UT-SCT,long,30,different,1,AG-AG,0.044,WY-CH,different,long
0.178,0.047,WY-CO,short,30,same,1,AG-HG,0.041,SE-NW,same,short
0.095,0.049,WY-SEUK,long,30,different,1,AG-HG,0.058,SE-IRE,same,medium
0.1,0.046,WY-NWUK,long,30,different,1,AG-HG,0.066,SE-SC,same,medium
0.128,0.048,WY-IR,long,30,different,1,AG-HG,0.065,SE-AU,different,long
0.144,0.043,WY-SCT,long,30,different,1,AG-HG,0.047,SE-CH,different,long
0.157,0.057,CO-SEUK,long,30,different,1,AG-AG,0.09,NW-IRE,same,medium
0.077,0.053,CO-NWUK,long,30,different,1,AG-AG,0.112,NW-SC,same,short
0.145,0.045,CO-IR,long,30,different,1,AG-AG,0.042,NW-AU,different,long
0.096,0.047,CO-SCT,long,30,different,1,AG-AG,0.045,NW-CH,different,long
0.081,0.044,SEUK-NWUK,short,30,same,1,AG-AG,0.061,IRE-SC,same,medium
0.114,0.05,SEUK-IR,short,30,same,1,AG-AG,0.058,IRE-AU,different,long
0.129,0.046,SEUK-SCT,short,30,same,1,AG-AG,0.071,IRE-CH,different,long
0.176,0.052,NWUK-IR,short,30,same,1,AG-AG,0.049,SC-AU,different,long
0.22,0.055,NWUK-SCT,short,30,same,1,AG-AG,0.046,SC-CH,different,long
0.121,0.053,IR-SCT,short,30,same,1,AG-AG,0.09,AU-CH,different,long
0.093,0.089,AU-CH,long,50,different,1,AG-HG,,AZ-CA,same,short
0.07,0.108,AU-CA,long,50,different,0,HG-HG,,AZ-CO,same,short
0.089,0.088,AU-AZ,long,50,different,1,AG-HG,,AZ-NM,same,short
0.026,0.086,AU-NV,long,50,different,0,HG-HG,,AZ-NV,same,short
0.052,0.092,AU-NM,long,50,different,0,AG-HG,,AZ-UT,same,short
0.104,0.094,AU-UT,long,50,different,1,AG-HG,,AZ-WY,same,medium
0.127,0.104,AU-WY,long,50,different,1,HG-HG,,AZ-SE,different,long
0.059,0.095,AU-CO,long,50,different,0,AG-HG,,AZ-NW,different,long
0.038,0.087,AU-SEUK,long,50,different,0,AG-HG,,AZ-IR,different,long
0.065,0.092,AU-NWUK,long,50,different,0,AG-HG,,AZ-SC,different,long
0.09,0.104,AU-IR,long,50,different,0,AG-HG,,AZ-AU,different,long
0.072,0.089,AU-SCT,long,50,different,0,AG-HG,,AZ-CH,different,long
0.058,0.081,CH-CA,long,50,different,0,AG-HG,,CA-CO,same,medium
0.069,0.08,CH-AZ,long,50,different,0,AG-AG,,CA-NM,same,medium
0.03,0.075,CH-NV,long,50,different,0,AG-HG,,CA-NV,same,short
0.097,0.085,CH-NM,long,50,different,1,AG-AG,,CA-UT,same,medium
0.053,0.084,CH-UT,long,50,different,0,AG-AG,,CA-WY,same,medium
0.088,0.072,CH-WY,long,50,different,1,AG-HG,,CA-SE,different,long
0.067,0.073,CH-CO,long,50,different,0,AG-AG,,CA-NW,different,long
0.073,0.085,CH-SEUK,long,50,different,0,AG-AG,,CA-IR,different,long
0.041,0.087,CH-NWUK,long,50,different,0,AG-AG,,CA-SC,different,long
0.067,0.071,CH-IR,long,50,different,0,AG-AG,,CA-AU,different,long
0.113,0.073,CH-SCT,long,50,different,1,AG-AG,,CA-CH,different,long
0.058,0.079,CA-AZ,short,50,same,0,AG-HG,,CO-NM,same,short
0.035,0.084,CA-NV,short,50,same,0,HG-HG,,CO-NV,same,medium
0.073,0.095,CA-NM,medium,50,same,0,AG-HG,,CO-UT,same,short
0.057,0.089,CA-UT,medium,50,same,0,AG-HG,,CO-WY,same,short
0.08,0.079,CA-WY,medium,50,same,1,HG-HG,,CO-SE,different,long
0.066,0.105,CA-CO,medium,50,same,0,AG-HG,,CO-NW,different,long
0.033,0.085,CA-SEUK,long,50,different,0,AG-HG,,CO-IR,different,long
0.052,0.09,CA-NWUK,long,50,different,0,AG-HG,,CO-SC,different,long
0.054,0.087,CA-IR,long,50,different,0,AG-HG,,CO-AU,different,long
0.086,0.088,CA-SCT,long,50,different,0,AG-HG,,CO-CH,different,long
0.033,0.083,AZ-NV,medium,50,same,0,AG-HG,,NM-NV,same,medium
0.068,0.091,AZ-NM,short,50,same,0,AG-AG,,NM-UT,same,short
0.159,0.091,AZ-UT,short,50,same,1,AG-AG,,NM-WY,same,medium
0.169,0.078,AZ-WY,medium,50,same,1,AG-HG,,NM-SE,different,long
0.092,0.09,AZ-CO,short,50,same,1,AG-AG,,NM-NW,different,long
0.09,0.076,AZ-SEUK,long,50,different,1,AG-AG,,NM-IR,different,long
0.128,0.075,AZ-NWUK,long,50,different,1,AG-AG,,NM-SC,different,long
0.066,0.076,AZ-IR,long,50,different,0,AG-AG,,NM-AU,different,long
0.171,0.088,AZ-SCT,long,50,different,1,AG-AG,,NM-CH,different,long
0.08,0.083,NV-NM,medium,50,same,0,AG-HG,,NV-UT,same,short
0.047,0.09,NV-UT,short,50,same,0,AG-HG,,NV-WY,same,medium
0.084,0.089,NV-WY,medium,50,same,0,HG-HG,,NV-SE,different,long
0.025,0.091,NV-CO,medium,50,same,0,AG-HG,,NV-NW,different,long
0.05,0.083,NV-SEUK,long,50,different,0,AG-HG,,NV-IRE,different,long
0.048,0.085,NV-NWUK,long,50,different,0,AG-HG,,NV-SC,different,long
0.029,0.071,NV-IR,long,50,different,0,AG-HG,,NV-AU,different,long
0.052,0.096,NV-SCT,long,50,different,0,AG-HG,,NV-CH,different,long
0.043,0.083,NM-UT,short,50,same,0,AG-AG,,UT-WY,same,short
0.059,0.086,NM-WY,medium,50,same,0,AG-HG,,UT-SE,different,long
0.085,0.078,NM-CO,short,50,same,1,AG-AG,,UT-NW,different,long
0.099,0.088,NM-SEUK,long,50,different,1,AG-AG,,UT-IRE,different,long
0.072,0.084,NM-NWUK,long,50,different,0,AG-AG,,UT-SC,different,long
0.061,0.105,NM-IR,long,50,different,0,AG-AG,,UT-AU,different,long
0.089,0.09,NM-SCT,long,50,different,0,AG-AG,,UT-CH,different,long
0.126,0.091,UT-WY,short,50,same,1,AG-HG,,WY-SE,different,long
0.075,0.082,UT-CO,short,50,same,0,AG-AG,,WY-NW,different,long
0.071,0.092,UT-SEUK,long,50,different,0,AG-AG,,WY-IR,different,long
0.071,0.097,UT-NWUK,long,50,different,0,AG-AG,,WY-SC,different,long
0.181,0.09,UT-IR,long,50,different,1,AG-AG,,WY-AU,different,long
0.03,0.083,UT-SCT,long,50,different,0,AG-AG,,WY-CH,different,long
0.139,0.082,WY-CO,short,50,same,1,AG-HG,,SE-NW,same,short
0.135,0.093,WY-SEUK,long,50,different,1,AG-HG,,SE-IRE,same,medium
0.082,0.086,WY-NWUK,long,50,different,0,AG-HG,,SE-SC,same,medium
0.058,0.074,WY-IR,long,50,different,0,AG-HG,,SE-AU,different,long
0.151,0.09,WY-SCT,long,50,different,1,AG-HG,,SE-CH,different,long
0.048,0.083,CO-SEUK,long,50,different,0,AG-AG,,NW-IRE,same,medium
0.048,0.089,CO-NWUK,long,50,different,0,AG-AG,,NW-SC,same,short
0.114,0.078,CO-IR,long,50,different,1,AG-AG,,NW-AU,different,long
0.063,0.08,CO-SCT,long,50,different,0,AG-AG,,NW-CH,different,long
0.106,0.074,SEUK-NWUK,short,50,same,1,AG-AG,,IRE-SC,same,medium
0.086,0.079,SEUK-IR,short,50,same,1,AG-AG,,IRE-AU,different,long
0.175,0.086,SEUK-SCT,short,50,same,1,AG-AG,,IRE-CH,different,long
0.12,0.085,NWUK-IR,short,50,same,1,AG-AG,,SC-AU,different,long
0.215,0.084,NWUK-SCT,short,50,same,1,AG-AG,,SC-CH,different,long
0.115,0.075,IR-SCT,short,50,same,1,AG-AG,,AU-CH,different,long
0.105,0.208,AU-CH,long,100,different,0,AG-HG,,AZ-CA,same,short
0.1,0.225,AU-CA,long,100,different,0,HG-HG,,AZ-CO,same,short
0.067,0.236,AU-AZ,long,100,different,0,AG-HG,,AZ-NM,same,short
0.034,0.199,AU-NV,long,100,different,0,HG-HG,,AZ-NV,same,short
0.019,0.205,AU-NM,long,100,different,0,AG-HG,,AZ-UT,same,short
0.097,0.25,AU-UT,long,100,different,0,AG-HG,,AZ-WY,same,medium
0.037,0.193,AU-WY,long,100,different,0,HG-HG,,AZ-SE,different,long
0.036,0.265,AU-CO,long,100,different,0,AG-HG,,AZ-NW,different,long
0.043,0.213,AU-SEUK,long,100,different,0,AG-HG,,AZ-IR,different,long
0.034,0.204,AU-NWUK,long,100,different,0,AG-HG,,AZ-SC,different,long
0.128,0.211,AU-IR,long,100,different,0,AG-HG,,AZ-AU,different,long
0.075,0.225,AU-SCT,long,100,different,0,AG-HG,,AZ-CH,different,long
0.091,0.205,CH-CA,long,100,different,0,AG-HG,,CA-CO,same,medium
0.072,0.206,CH-AZ,long,100,different,0,AG-AG,,CA-NM,same,medium
0.04,0.178,CH-NV,long,100,different,0,AG-HG,,CA-NV,same,short
0.063,0.188,CH-NM,long,100,different,0,AG-AG,,CA-UT,same,medium
0.036,0.184,CH-UT,long,100,different,0,AG-AG,,CA-WY,same,medium
0.015,0.161,CH-WY,long,100,different,0,AG-HG,,CA-SE,different,long
0.052,0.185,CH-CO,long,100,different,0,AG-AG,,CA-NW,different,long
0.07,0.169,CH-SEUK,long,100,different,0,AG-AG,,CA-IR,different,long
0.056,0.173,CH-NWUK,long,100,different,0,AG-AG,,CA-SC,different,long
0.088,0.19,CH-IR,long,100,different,0,AG-AG,,CA-AU,different,long
0.057,0.157,CH-SCT,long,100,different,0,AG-AG,,CA-CH,different,long
0.061,0.217,CA-AZ,short,100,same,0,AG-HG,,CO-NM,same,short
0.059,0.201,CA-NV,short,100,same,0,HG-HG,,CO-NV,same,medium
0.133,0.221,CA-NM,medium,100,same,0,AG-HG,,CO-UT,same,short
0.093,0.238,CA-UT,medium,100,same,0,AG-HG,,CO-WY,same,short
0.073,0.197,CA-WY,medium,100,same,0,HG-HG,,CO-SE,different,long
0.066,0.215,CA-CO,medium,100,same,0,AG-HG,,CO-NW,different,long
0.045,0.214,CA-SEUK,long,100,different,0,AG-HG,,CO-IR,different,long
0.078,0.229,CA-NWUK,long,100,different,0,AG-HG,,CO-SC,different,long
0.064,0.179,CA-IR,long,100,different,0,AG-HG,,CO-AU,different,long
0.087,0.191,CA-SCT,long,100,different,0,AG-HG,,CO-CH,different,long
0.061,0.156,AZ-NV,medium,100,same,0,AG-HG,,NM-NV,same,medium
0.111,0.172,AZ-NM,short,100,same,0,AG-AG,,NM-UT,same,short
0.11,0.195,AZ-UT,short,100,same,0,AG-AG,,NM-WY,same,medium
0.139,0.161,AZ-WY,medium,100,same,0,AG-HG,,NM-SE,different,long
0.078,0.2,AZ-CO,short,100,same,0,AG-AG,,NM-NW,different,long
0.06,0.202,AZ-SEUK,long,100,different,0,AG-AG,,NM-IR,different,long
0.078,0.2,AZ-NWUK,long,100,different,0,AG-AG,,NM-SC,different,long
0.041,0.184,AZ-IR,long,100,different,0,AG-AG,,NM-AU,different,long
0.356,0.2,AZ-SCT,long,100,different,1,AG-AG,,NM-CH,different,long
0.085,0.172,NV-NM,medium,100,same,0,AG-HG,,NV-UT,same,short
0.19,0.194,NV-UT,short,100,same,0,AG-HG,,NV-WY,same,medium
0.1,0.173,NV-WY,medium,100,same,0,HG-HG,,NV-SE,different,long
0.04,0.178,NV-CO,medium,100,same,0,AG-HG,,NV-NW,different,long
0.034,0.168,NV-SEUK,long,100,different,0,AG-HG,,NV-IRE,different,long
0.108,0.19,NV-NWUK,long,100,different,0,AG-HG,,NV-SC,different,long
0.065,0.167,NV-IR,long,100,different,0,AG-HG,,NV-AU,different,long
0.057,0.177,NV-SCT,long,100,different,0,AG-HG,,NV-CH,different,long
0.03,0.195,NM-UT,short,100,same,0,AG-AG,,UT-WY,same,short
0.148,0.158,NM-WY,medium,100,same,0,AG-HG,,UT-SE,different,long
0.073,0.181,NM-CO,short,100,same,0,AG-AG,,UT-NW,different,long
0.073,0.152,NM-SEUK,long,100,different,0,AG-AG,,UT-IRE,different,long
0.033,0.185,NM-NWUK,long,100,different,0,AG-AG,,UT-SC,different,long
0.086,0.169,NM-IR,long,100,different,0,AG-AG,,UT-AU,different,long
0.079,0.176,NM-SCT,long,100,different,0,AG-AG,,UT-CH,different,long
0.122,0.165,UT-WY,short,100,same,0,AG-HG,,WY-SE,different,long
0.072,0.188,UT-CO,short,100,same,0,AG-AG,,WY-NW,different,long
0.046,0.169,UT-SEUK,long,100,different,0,AG-AG,,WY-IR,different,long
0.105,0.202,UT-NWUK,long,100,different,0,AG-AG,,WY-SC,different,long
0.134,0.176,UT-IR,long,100,different,0,AG-AG,,WY-AU,different,long
0.064,0.175,UT-SCT,long,100,different,0,AG-AG,,WY-CH,different,long
0.18,0.16,WY-CO,short,100,same,1,AG-HG,,SE-NW,same,short
0.081,0.164,WY-SEUK,long,100,different,0,AG-HG,,SE-IRE,same,medium
0.078,0.191,WY-NWUK,long,100,different,0,AG-HG,,SE-SC,same,medium
0.017,0.164,WY-IR,long,100,different,0,AG-HG,,SE-AU,different,long
0.073,0.153,WY-SCT,long,100,different,0,AG-HG,,SE-CH,different,long
0.072,0.172,CO-SEUK,long,100,different,0,AG-AG,,NW-IRE,same,medium
0.102,0.18,CO-NWUK,long,100,different,0,AG-AG,,NW-SC,same,short
0.066,0.204,CO-IR,long,100,different,0,AG-AG,,NW-AU,different,long
0.034,0.186,CO-SCT,long,100,different,0,AG-AG,,NW-CH,different,long
0.163,0.188,SEUK-NWUK,short,100,same,0,AG-AG,,IRE-SC,same,medium
0.243,0.163,SEUK-IR,short,100,same,1,AG-AG,,IRE-AU,different,long
0.047,0.189,SEUK-SCT,short,100,same,0,AG-AG,,IRE-CH,different,long
0.09,0.172,NWUK-IR,short,100,same,0,AG-AG,,SC-AU,different,long
0.125,0.202,NWUK-SCT,short,100,same,0,AG-AG,,SC-CH,different,long
0.261,0.153,IR-SCT,short,100,same,1,AG-AG,,AU-CH,different,long
