labnumber,siteid,CRA,Error,material
AA-14462,5HN55,11200,500,charcoal
AA-11808b,Hourglass Cave,11200,400,Bone 
DIC-1658,5GF110,10830,50,unknown
AA-1791,5MT915,10780,135,wood
DIC-1661,5GF110,10780,50,Charcoal
Beta-58007,5GN810,10770,70,Charcoal
Beta-257301,5MF1915,10631,84,Charcoal
UGA-4649,5BA314,10560,110,Charcoal
UGA-17946,South Shelter Falls Creek,10470,50,textile
Beta-57992,5BL3440,10470,40,Charcoal
UGA-5242,5LP4991,10445,25,other (plant)
UGa-1698,5RB298,10440,50,Charcoal
UGA-5036,5LA2169,10380,30,Charcoal
UGA-1702,5RB298,10295,50,Charcoal
Beta-28935,5MF2645,10260,90,other (plant)
UGA-1704,5RB298,10240,70,Charcoal
AA-18820,5GA22,10150,500,Charcoal
AA-20724,5GA22,10020,320,Charcoal
CURL-10450,5MF6276,9990,50,charcoal
AA-21984,5GA22,9970,140,charcoal
UGa-1497,5RB363,9950,60,wood
AA-25035,5GA22,9885,140,Charcoal
AA-26254,5GA22,9700,250,charcoal
UGA-17984,South Shelter Falls Creek,9480,60,textile
UGA-1855,5MF607,9460,50,Charcoal
UGA-1716,5RB298,9420,60,Charcoal
UGA-1852,5MF607,9370,60,Charcoal
UGA-1851,5MF607,9350,70,Charcoal
UGA-17947,South Shelter Falls Creek,9340,60,textile
UGA-17949,South Shelter Falls Creek,9340,60,textile
AA-26255,5GA22,9200,90,charcoal
BETA-315094,5JA421,9170,60,Charcoal
Beta-58597,5MF3007,9140,80,Charcoal
Beta-312254,5RB6806,9140,70,Charcoal
AA-354,5BL876,9120,130,Charcoal
AA-45655,5GA195,9100,120,sediment
BETA-259249,5MF3006,9080,75,Charcoal
AA-45656,5GA195,9070,90,sediment
AA-45657,5GA195,8950,350,sediment
AA-45658,5GA195,8910,90,sediment
AA-56816,5DA272,8840,100,textile
AA-56817,5DA272,8807,100,textile
AA-56817-2,5DA272,8750,120,textile
AA-56819,5DA272,8730,140,textile
Beta-40673,5PE868,8710,90,Charcoal
Beta-47103,5WL1483,8660,50,Charcoal
AA-56820,5DA272,8650,110,textile
AA-56821,5DA272,8580,130,textile
AA-56822,5DA272,8550,110,textile
AA-56823,5DA272,8540,140,textile
AA-56824,5DA272,8480,85,textile
AA-56825,5DA272,8470,115,textile
AA-56826,5DA272,8460,140,textile
Beta-83980,5WL1997,8460,50,Charcoal
Beta-65657,5BL153,8420,40,charcoal
WSU-1755,5ST85,8365,190,charred wood
Beta-74402,5MF3589,8340,40,sediment
I-3267,5BL67,8320,60,charcoal
Beta-59389,5MF2987,8290,40,Charcoal
Beta-74135,5GN2460,8270,100,wood
AA-56827,5DA272,8250,240,textile
BETA-268545,5MF3006,8246,54,charcoal
AA-56828,5DA272,8210,90,leather
Beta-73631,5JF321,8190,110,Charcoal
Beta-4947,5GA151,8180,70,Wood
Beta-7312,5LA5264,8180,40,Charcoal
DIC-873,5ST85,8170,100,charred wood
AA-56829,5DA272,8140,140,leather
AA-56830,5DA272,8110,70,leather
Beta-74317,5GN2460,8090,60,Charcoal
Beta-48811,5WL48,8050,40,Charcoal
AA-56831,5DA272,8030,210,textile
Beta-50125,5DV3017,7990,50,Charcoal
BETA-259251,5MF3006,7985,75,charcoal
AA-56832,5DA272,7980,120,other (plant)
UGA-1467,5LR220,7980,60,Charcoal
AA-57744,DURANGO,7960,140,bone
Beta-50132,5DV3017,7950,40,Charcoal
Beta-34799,5MN2341,7944,84,Charcoal
BETA-261001,5MF2993,7940,70,charcoal
UGA-1429,5AL80,7940,60,Charcoal
BETA-317789,5MF3582,7920,50,sediment
Beta-51345,5RB454,7880,60,Charcoal
Beta-40887,5PE910,7870,100,Charcoal
Beta-58006,5GN810,7850,40,Charcoal
AA-57745,DURANGO,7820,80,bone
AA-57747,SITE 23,7820,80,bone
Beta-75956,5RB234,7820,50,Charcoal
AA-57748,SITE 23,7770,120,bone
AA-57749,SITE 23,7760,110,bone
AA-57751,SITE 22,7740,140,bone
Beta-304778,5DT813,7740,80,Charcoal
Beta-59388,5MF2987,7720,170,sediment
AA-57752,5LP4223,7720,110,bone
Beta-77137,5JF223,7690,40,Charcoal
AA-57753,5LP4223,7670,70,bone
AA-57754,5LP4223,7660,240,bone
AA-57755,YELLOW JACKET SPRINGS,7650,190,bone
Beta-5136,5GA151,7650,40,Wood
Beta-5137,5GA151,7650,40,Wood
Beta-40888,5PE910,7610,140,Charcoal
Beta-4730,5AH244,7610,40,Charcoal
I-9764,5LA1416,7580,120,charcoal
Beta-47101,5WL1483,7570,50,Charcoal
AA-57756,SE CORTEZ,7550,90,bone
AA-57757,SE CORTEZ,7545,205,bone
OXA-27674,5DA272,7510,80,leather
AA-57758,SE CORTEZ,7470,90,bone
I-9763,5LA1416,7470,90,charcoal
AA-57759,SE CORTEZ,7460,190,bone
AA-57760,SE CORTEZ,7460,110,bone
Beta-74315,5GN2460,7460,90,Charcoal
AA-57761,SE CORTEZ,7450,330,bone
AA-57762,NW CORTEZ,7430,130,bone
AA-57763,NW CORTEZ,7400,100,bone
AA-57764,NW CORTEZ,7350,120,bone
Beta-73203,5GN210,7350,110,Charcoal
TX-3631,5GN10,7350,100,Charcoal
I-15953,5LR1370,7350,80,unknown
Beta-42350,5RB2873,7340,60,Charcoal
AA-57765,NW CORTEZ,7320,160,bone
AA-57766,NW CORTEZ,7310,70,bone
RL-1131,5ME635,7300,80,charcoal
UGA-2426,5RB699,7285,30,Charcoal
TX-3623,5GN212,7280,90,Charcoal
Beta-73204,5GN210,7280,60,Charcoal
AA-57767,NW CORTEZ,7270,110,bone
Beta-74316,5GN2460,7270,40,Charcoal
Beta-7328,5LR144,7240,100,Charcoal
UGa-1354,5MF510,7240,100,Charcoal
UCIAMS-43147,5MN1609,7230,90,Charcoal
UGA-2420,5RB3012,7225,25,Charcoal
AA-60680,5DA272,7220,80,pottery residue
UGA-15250,5LP1434,7220,60,textile
AA-60681,5DA272,7190,280,pottery residue
Beta-79750,5LR6,7190,50,Charcoal
UGA-1925,5JA58,7190,35,Charcoal
TX-3629,5GN10,7180,110,Charcoal
AA-60682,5DA272,7170,200,pottery residue
AA-60683,5DA272,7170,90,pottery residue
Beta-50121,5DV3017,7160,40,Charcoal
AA-60684,5DA272,7140,110,pottery residue
AA-60685,5DA272,7140,90,pottery residue
SI-45,5DA201,7130,60,bone
UGA-15251,5LP1434,7130,60,textile
UGA-15252,5LP1434,7120,50,textile
AA-60686,5DA272,7110,90,pottery residue
AA-60687,5DA272,7100,80,pottery residue
Beta-27981,5LA2190,7100,80,Charcoal
UGa-1496,5RB363,7090,50,wood
Beta-278404,5SM5320,7080,90,Charcoal
Beta-5502,5RB13,7080,60,Wood
UGa-1495,5RB363,7060,60,Charcoal
AA-60689,5DA272,7050,200,pottery residue
AA-60688,5DA272,7050,150,pottery residue
AA-60690,5DA272,7040,110,pottery residue
Beta-33946,5WL1483,7040,70,Charcoal
AA-60691,5DA272,7025,130,other (plant)
UGA-2064,5LR549,7020,25,Charcoal
Tx-3624,5GN191,7010,80,charcoal
AA-60692,5DA272,7000,70,other (plant)
Beta-51397,5DV3017,7000,40,Charcoal
UGA-2952,5MF476,6992,64,Charcoal
AA-60693,5DA272,6990,110,other (plant)
AA-60694,5DA272,6990,80,other (plant)
AA-60695,5DA272,6970,190,other (plant)
Beta-33788,5RB2829,6970,160,Charcoal
TX-3630,5GN10,6970,60,Charcoal
Beta-34145,5MT5376,6960,80,Charcoal
Beta-5501,5RB2275,6950,70,Wood
BETA-317791,5MF3582,6930,50,Charcoal
Beta-285034,5MF3687,6910,60,Charcoal
BETA-278076,5MF3006,6910,50,charcoal
UGA-2953,5MF476,6906,68,Charcoal
Beta-88778,5EP1603,6890,50,Charcoal
AA-60696,5DA272,6885,115,other (plant)
AA-61203,DURANGO,6860,190,bone
AA-61204,SITE 23,6860,100,bone
Beta-75345,5BL2712,6840,50,Charcoal
AA-61206,SITE 23,6830,110,bone
AA-61205,SITE 23,6830,70,bone
AA-61207,SITE 23,6820,130,bone
Beta-5290,5RB2372,6800,40,Wood
Beta-58773,5MF2991,6780,80,Charcoal
BETA-317790,5MF3582,6760,140,sediment
AA-61209,5LP4223,6750,120,bone
AA-61208,SITE 22,6750,100,bone
Beta-6098,5RB2445,6710,270,Charcoal
AA-61210,5LP4223,6700,120,bone
AA-61211,5LP4223,6690,100,bone
AA-61212,SE CORTEZ,6690,70,bone
AA-63530,5GA195,6660,100,Charcoal
Beta-6019,5ME1203,6660,60,Charcoal
Beta-33793,5RB2873,6640,120,Charcoal
AA-7823,5MF1,6620,300,Other
AA-7824,5MF1,6610,200,leather
DIC-1503,5DA265,6610,40,charcoal
AA-832,5WL269,6600,110,Bone 
AA-833,5WL269,6545,160,Bone 
AA-95606,5MN9462,6520,80,textile
Beta-42349,5RB2828,6500,60,Charcoal
Beta-2975,5GA128,6500,50,Wood
TX-3625,5GN10,6480,150,Charcoal
UGA-1894,5GA143,6480,60,Charcoal
AA-95607,5MN9462,6450,110,textile
AA-99890,5LP1434,6440,110,textile
Beta-201370,5MT123,6320,90,Charcoal
Beta-100202,5LA6568,6310,340,Charcoal
Beta-66840,5GN1835,6300,40,Charcoal
Beta-100203,5LA6568,6290,150,Charcoal
Beta-100206,5LA6569,6290,70,Charcoal
Beta-100207,5LA6569,6270,140,Charcoal
Beta-27983,5MF2649,6260,80,Wood
Beta-100209,5LA6592,6240,190,Charcoal
Beta-100208,5LA6592,6240,130,Charcoal
Beta-100210,5LA6595,6220,110,Charcoal
Beta-100212,5LA6599,6210,120,Charcoal
Beta-100211,5LA6595,6210,110,Charcoal
Beta-100214,5LA6603,6205,170,Charcoal
UGA-2425,5RB699,6190,20,Charcoal
Beta-27980,5LA2190,6180,70,sediment
Beta-100215,5LA6603,6170,210,Charcoal
Beta-10050,5MF1791,6150,150,charcoal
Beta-100823,5LP3883,6150,130,Charcoal
Beta-101398,5BL127,6120,100,Charcoal
Beta-10196,5LR144,6100,125,Charcoal
Beta-10195,5LR144,6100,80,Charcoal
Beta-102254,5BL3440,6095,250,Charcoal
Beta-102255,5BL3440,6080,100,Charcoal
Beta-102656,5LA6568,6080,90,Charcoal
Beta-102657,5LA6568,6050,140,Charcoal
Beta-102658,5LA6568,6045,120,Charcoal
Beta-103151,5LA6595,6040,200,Charcoal
Beta-58788,5MF3048,6030,110,sediment
Beta-103152,5LA6595,6030,100,Charcoal
Beta-54052,5GN810,6020,50,charcoal
Beta-103153,5LA6595,6015,55,Charcoal
Beta-103154,5LA6603,6010,80,Charcoal
BETA-261004,5MF2993,6003,64,charcoal
Beta-103238,5JF321,6000,80,Charcoal
Beta-107744,5RB104,5990,200,bone
Beta-95302,5LP1434,5990,40,textile
UGA-2725,5MF435,5990,25,Charcoal
W-290,5DA124,5990,25,charcoal
Beta-108068,5WL1656,5984,120,Charcoal
Beta-10831,5MF1885,5980,90,sediment
Beta-10832,5MF1885,5980,80,sediment
Beta-89221,5AH416,5980,40,Charcoal
Beta-7333,5LR144,5970,40,Charcoal
Beta-10833,5MF1900,5960,90,charcoal
Beta-10866,5MT2731,5960,80,charcoal
Beta-7930,5ME4645,5960,50,Charcoal
DIC-1773,5GF110,5950,30,Charcoal
Beta-10867,5MT2731,5940,80,charcoal
Beta-7330,5LR144,5940,40,Charcoal
CAMS-41467,South Shelter Falls Creek,5940,40,other  
Beta-10875,5MT4683,5930,130,Charcoal
DIC-1403,5LP265,5930,40,Charcoal
Beta-108809,5GN1835,5920,190,Charcoal
TX-3155,5GN191,5920,100,Charcoal
Beta-306075,5DT813,5920,60,Charcoal
Beta-42348,5RB2829,5910,90,Charcoal
Beta-4223,5LP4991,5910,40,charcoal
DIC-1798,5GF110,5900,40,Charcoal
Beta-10886,5MT2731,5890,110,sediment
BETA-261003,5MF2993,5890,65,charcoal
DIC-2177,5GF129,5890,40,Charcoal
Beta-108954,5GA20,5880,160,Charcoal
Beta-10887,5MT2731,5880,120,Charcoal
DIC-1563,5HF234,5880,50,Charcoal
Beta-7207,5GA217,5880,40,Charcoal
Beta-7209,5GA217,5870,40,Charcoal
UGA-1922,5RB704,5870,20,Charcoal
Beta-109934,5LA1416,5860,90,other (plant)
Beta-7310,5LA5320,5860,40,Charcoal
Beta-7204,5GA217,5850,40,Charcoal
Beta-77235,5JF223,5850,40,Charcoal
Beta-7206,5GA217,5840,40,Charcoal
Beta-7210,5GA217,5840,40,Charcoal
Beta-109989,5BL3440,5830,90,Charcoal
Beta-3161,5GA151,5820,120,Wood
TX-3157,5GN204,5820,80,Charcoal
Beta-11018,5BA320,5820,60,Charcoal
Beta-60058,5RB3288,5820,40,Wood
Beta-11019,5BA320,5810,100,Charcoal
Beta-11041,5RB2792,5810,60,bone
Beta-95301,5LP1434,5810,40,seeds
DIC-1804,5GF110,5810,40,Charcoal
Beta-110878,5GA869,5800,125,Charcoal
Beta-110839,5JA1068,5800,110,Charcoal
Beta-110879,5GA869,5790,90,Charcoal
Beta-7203,5GA217,5790,40,Charcoal
DIC-2262,5RB1872,5780,30,Charcoal
Beta-110880,5GA869,5770,80,Charcoal
Beta-110881,5GA869,5770,50,Charcoal
Beta-7202,5GA217,5770,40,Charcoal
UGA-2728,5MF435,5765,25,Charcoal
Beta-42353,5RB454,5760,60,Charcoal
DIC-1805,5GF110,5760,40,Charcoal
Beta-111037,5RB104,5730,140,Charcoal
Beta-111039,5RB104,5730,130,bone
DIC-1703,5DA265,5730,40,charcoal and peat
Beta-94378,5JF223,5720,40,Charcoal
Beta-111215,5GA20,5710,115,Charcoal
Beta-111426,5LA1416,5700,180,Charcoal
BETA-111327,5MF3687,5700,80,Charcoal
DIC-1757,5AH132,5700,40,Charcoal
Beta-111427,5LA1416,5690,100,Charcoal
Beta-66841,5GN1835,5690,100,Charcoal
Beta-111428,5LA1416,5690,64,Charcoal
Beta-3574,5GF134,5680,80,sediment
CAMS-105765,5GN2477,5680,40,bone
Beta-111429,5LA1416,5670,100,Charcoal
DIC-1469,5DA265,5670,40,charcoal
Beta-79738,5LR6,5660,60,Charcoal
Beta-56592,5RB3498,5660,40,Charcoal
Beta-111430,5LA1211,5650,145,Charcoal
Beta-69752,5RT345,5650,50,wood
Beta-60059,5RB3515,5640,40,Wood
DIC-1502,5DA265,5640,40,charcoal
CAMS-31813,5CH1,5630,40,bone
Beta-8005,5LA5305,5620,50,Charcoal
Beta-7205,5GA217,5620,40,Charcoal
UGA-2003,5MF607,5620,20,other (plant)
TX-3154,5GN204,5610,70,Charcoal
Beta-54578,5RB3339,5610,40,Charcoal
Beta-6846,5LR144,5610,40,Charcoal
DIC-1772,5GF110,5610,40,Charcoal
Beta-111433,5LA1211,5600,120,Charcoal
DIC-1388,5DA259,5600,40,charcoal
UGA-2496,5RB817,5595,25,wood
Beta-8006,5LA5320,5590,60,Charcoal
Beta-99937,5ME213,5570,40,Wood
Beta-111434,5LA1416,5550,120,Charcoal
Beta-111435,5LA1417,5550,70,Charcoal
Beta-78995,5RT345,5550,40,wood
Beta-98074,5EP2158,5550,40,Charcoal
Beta-111436,5LA1417,5520,190,Charcoal
Beta-89222,5AH416,5520,40,Charcoal
CAMS-5888,5EA799,5510,40,bone
Beta-111437,5LA1424,5500,70,Charcoal
Beta-111439,5LA1417,5490,100,Charcoal
TX-3153,5GN200,5470,70,Charcoal
Beta-7020,5MF958,5470,40,Charcoal
TX-3156,5GN204,5460,80,Charcoal
Beta-111440,5LA1424,5460,70,Charcoal
Beta-111442,5LA1417,5455,120,Charcoal
Beta-3648,5RB2210,5450,100,Charcoal
Beta-4228,5LP4991,5450,40,wood
Beta-3566,5GA680,5440,100,Charcoal
Beta-27979,5LA2190,5440,80,Charcoal
I-5709,5BL147,5440,60,Charcoal
BETA-261006,5MF2993,5437,45,charcoal
Beta-111443,5LA1417,5430,90,Charcoal
Beta-111477,5ST303,5420,160,sediment
Beta-11187,5GN289,5410,130,charcoal
Beta-11210,5PE56,5410,70,charcoal
Beta-8499,5ME431,5410,40,Charcoal
Beta-54909,5BL3440,5390,90,charcoal
Beta-70243,5MT11431,5390,40,Charcoal
Beta-58885,5MF3589,5380,40,sediment
Beta-89628,5MF3065,5380,40,Charcoal
Beta-7013,5MF958,5370,40,Charcoal
Beta-70414,5MF2991,5370,40,Charcoal
CAMS-32683,5CH1,5370,40,bone
Beta-11211,5PE56,5360,200,charcoal
Beta-93424,5AH741,5360,40,Charcoal
CAMS-16081,5GA1513,5360,40,bone
UGA-2424,5RB762,5360,20,Charcoal
Beta-11212,5PE56,5350,130,charcoal
UGA-2166,5RB690,5340,20,Charcoal
UGA-1924,5RB707,5335,15,Charcoal
Beta-11213,5PE56,5330,70,charcoal
Beta-88036,5AA952,5310,50,bone
Beta-89220,5AH416,5310,40,Charcoal
Beta-75289,5MT11668,5290,40,Charcoal
Beta-7021,5MF958,5280,40,Charcoal
Beta-78994,5RT345,5280,40,wood
CURL-10321,5MF6255,5280,40,Charcoal
Beta-68677,5RB3653,5270,40,wood
UGA-2612,5JF52,5265,20,Charcoal
Beta-113177,5GA869,5250,160,Charcoal
Beta-112731,5ME11239,5250,70,Charcoal
Beta-4273,5GN53,5240,80,Charcoal
Beta-113728,5LA6294,5240,60,Charcoal
DIC-1393,5LP264,5240,40,charcoal
Beta-113729,5LA6294,5230,80,Charcoal
Beta-76618,5GN1835,5220,40,Charcoal
Beta-113731,5LA6294,5210,70,Charcoal
Beta-113764,5LA1416,5200,100,Charcoal
Tx-3620,5GN247,5200,80,charcoal
Beta-94377,5JF223,5200,40,Charcoal
Beta-113765,5LA1416,5190,90,Charcoal
I-9434,5BL67,5180,80,charcoal
BETA-261005,5MF2993,5178,49,charcoal
RL-11,5MF1,5170,70,textile
Beta-113766,5LA1416,5155,55,Charcoal
TX-3621,5GN10,5140,120,Charcoal
Beta-113767,5LA1416,5140,80,Charcoal
Beta-113768,5LA1211,5130,170,Charcoal
Beta-9453,5LA2158,5110,40,Charcoal
Beta-113771,5LA1416,5100,70,Charcoal
Beta-3576,5GF134,5090,40,Charcoal
UGA-4165,5LK372,5080,40,Charcoal
Beta-113772,5LA1416,5070,160,Charcoal
UGa-1353,5MF566,5070,80,Charcoal
I-3266,5BL70,5060,70,charcoal
Beta-113773,5LA1211,5050,160,Charcoal
I-4419,5BL70,5030,90,charcoal
UGA-15427,5LP1434,5020,300,Other
TX-3619,5GN10,5020,100,Charcoal
I-7908,5FN12,5010,230,charcoal
Beta-113774,5LA1211,5000,100,Charcoal
I-5451,5GA22,4960,70,Charcoal
Beta-113903,5GN1835,4930,210,Charcoal
Beta-60764,5FN56,4920,270,Charcoal
Beta-11428,5ST278,4920,210,Charcoal
Beta-114460,5JF321,4920,80,Charcoal
Beta-8003,5LA5275,4920,50,Charcoal
Beta-36040,5ME1057,4900,170,charcoal
Beta-11476,5MT8371,4900,105,Charcoal
Beta-34748,5DV3041,4900,60,Charcoal
Beta-11477,5MT8371,4890,160,Charcoal
DIC-2179,5GF128,4880,30,Charcoal
Beta-11478,5MT8371,4870,70,Charcoal
Beta-69753,5RT345,4860,50,wood
Beta-11479,5MT8371,4850,110,Charcoal
Beta-68916,5ME6798,4850,50,charcoal
I-3265,5BL69,4830,60,charcoal
Beta-3575,5GF134,4800,60,Charcoal
Beta-115887,5SM2423,4790,70,Charcoal
Beta-115919,5ME625,4770,70,Charcoal
I-5305,5BA22,4770,70,Charcoal
Beta-42360,5RB454,4770,60,Charcoal
TX-3618,5GN10,4770,60,Charcoal
Beta-33786,5RB2829,4760,80,Charcoal
Beta-68389,5BL3440,4760,60,Charcoal
Beta-84207,5RB104,4760,40,other (plant)
Beta-99936,5ME213,4760,40,charcoal
Beta-67420,5MF3012,4750,70,Charcoal
Beta-115920,5ME625,4745,95,Charcoal
Beta-89629,5MF3065,4730,40,sediment
Beta-115921,5ME625,4720,100,Charcoal
Beta-115922,5ME625,4710,120,Charcoal
Beta-115923,5ME625,4710,70,Charcoal
TX-3151,5GN204,4710,60,Charcoal
Beta-115924,5ME625,4700,95,Charcoal
BETA-316069,5JA421,4700,80,bone
Beta-115925,5ME625,4697,80,Charcoal
Beta-115926,5ME625,4690,120,Charcoal
I-4418,5BL67,4690,90,charcoal
Beta-115927,5ME625,4670,120,Charcoal
TX-3152,5GN191,4670,80,Charcoal
Beta-115928,5ME625,4665,140,Charcoal
Beta-115929,5ME4971,4656,120,Charcoal
Beta-68169,5BL2712,4650,70,Charcoal
UGA-1923,5RB715,4650,20,Charcoal
Beta-267633,5GF4337,4640,160,Charcoal
Beta-67421,5MF3012,4640,40,Charcoal
Beta-115930,5ME4971,4630,60,Charcoal
Beta-115931,5ME4971,4620,95,Charcoal
Beta-75343,5MF2726,4620,40,Charcoal
Beta-115933,5ME4971,4610,160,Charcoal
Beta-115932,5ME4971,4610,90,Charcoal
Beta-60648,5MF1915,4610,40,bone
Beta-75749,5GA1599,4600,40,Charcoal
Beta-95303,5LP?,4600,40,other (plant)
Beta-71550,5BL2712,4590,90,Charcoal
TX-3622,5GN206,4590,60,Charcoal
Beta-7999,5LA2240,4590,50,Charcoal
Beta-115935,5ME4971,4580,100,Charcoal
CAMS-20865,5RT1006,4580,40,bone
UGa-3726,5LP264,4580,40,charcoal
Beta-8001,5LA5264,4570,60,Charcoal
Beta-8002,5LA5264,4570,50,Charcoal
Beta-42923,5LR1085,4540,70,Charcoal
Beta-117118,5MN4253,4530,80,Charcoal
Beta-56282,5BL153,4530,80,charcoal
Beta-42354,5RB454,4530,60,Charcoal
Beta-75750,5GA1599,4530,40,Charcoal
Beta-117119,5MN4253,4510,120,Charcoal
Beta-5279,5RB2372,4510,40,Wood
Beta-85133,5GN2478,4510,40,Charcoal
CURL-10320,5MF1915,4500,40,Charcoal
BETA-261012,5MF2993,4492,37,charcoal
Beta-77138,5JF223,4490,40,Charcoal
CURL-10322,5MF1915,4490,40,Charcoal
BETA-261010,5MF2993,4485,36,charcoal
BETA-261013,5MF2993,4485,36,charcoal
BETA-271516,5MF3006,4480,70,charcoal
Beta-67341,5AM631,4480,40,Charcoal
Beta-76620,5GN1835,4480,40,Charcoal
Beta-8500,5ME431,4480,40,Charcoal
CAMS-31812,5CH1,4480,40,bone
Beta-117120,5MN4253,4470,80,Charcoal
Beta-67417,5MF3003,4470,50,Charcoal
UGA-2616,5JF52,4470,25,Charcoal
UGA-2729,5MF435,4470,25,Charcoal
BETA-261009,5MF2993,4459,59,charcoal
Beta-261583,5WL1506,4458,36,charcoal
Beta-261584,5WL1506,4455,35,charcoal
Beta-117121,5MN4253,4450,140,Charcoal
Beta-36042,5ME1057,4450,50,charcoal
UGA-4648,5BA314,4450,40,Charcoal
TX-3646,5GN191,4440,70,Charcoal
Beta-261398,5MF2997,4431,36,Charcoal
Beta-117123,5MN4253,4430,150,Charcoal
Beta-60054,5RB3180,4430,110,Wood
Beta-7102,5LA5255,4430,80,Charcoal
Beta-117122,5MN4253,4430,70,Charcoal
Beta-77136,5JF223,4430,40,Charcoal
Beta-7837,5RB2510,4430,40,Charcoal
Beta-26234,5PE824,4422,35,Charcoal
Beta-4269,5GA151,4410,70,Wood
UGA-2738,5MF435,4400,95,Charcoal
Beta-117124,5MN4253,4400,80,Charcoal
Beta-117125,5MN4253,4400,70,Charcoal
Beta-42931,5LR349,4400,70,Charcoal
Beta-75446,5WL39,4400,40,Charcoal
Beta-117126,5MN4253,4398,90,Charcoal
BETA-261007,5MF2993,4392,37,charcoal
Beta-27679,5MF2645,4390,50,Charcoal
Beta-75747,5GA1598,4390,40,Charcoal
Beta-85270,5RB3691,4390,40,wood
Beta-3573,5GF134,4380,120,Charcoal
Beta-59869,5MF2996,4380,40,sediment
Beta-60056,5RB3290,4380,40,other (plant)
Beta-75757,5GA1609,4380,40,Charcoal
Beta-67414,5MF3187,4370,70,sediment
Beta-60057,5RB3290,4370,40,Wood
Beta-76614,5GN1835,4370,40,Charcoal
Beta-8007,5LA5320,4360,50,Charcoal
Beta-117127,5MN4253,4350,90,Charcoal
Beta-85702,5GN1835,4350,40,Charcoal
Beta-68890,5LA5855,4340,60,Charcoal
Beta-77625,5HF1109,4340,40,Charcoal
Beta-98529,5ME431,4340,40,Charcoal
Tx-3880,5MT4614,4330,110,charcoal
Beta-117128,5MN4253,4330,90,Charcoal
BETA-261008,5MF2993,4328,34,charcoal
Beta-67419,5MF3007,4320,40,sediment
Beta-117129,5ME4970,4310,200,Charcoal
RL-1590,5EA484,4310,80,wood
Beta-117130,5ME4970,4310,70,Charcoal
Beta-49626,5LA5621,4300,120,Charcoal
Beta-117131,5ME4970,4300,80,Charcoal
Beta-11719,5MT4683,4300,80,Charcoal
Beta-11720,5MT4683,4300,70,charcoal
Beta-69730,5MT11851,4300,50,Charcoal
CURL-10328,5RB5174,4300,40,Charcoal
Beta-11721,5MT4683,4290,290,Wood
Beta-71549,5BL2712,4290,70,Charcoal
Tx-3884,5MT2854,4290,49,charcoal
Tx-3883,5MT2854,4290,40,charcoal
BETA-317786,5MF3012,4280,70,Charcoal
Beta-48398,5PE8,4280,70,Charcoal
DIC-1257,5EA128,4280,40,charcoal
Beta-28306,5RT90,4270,50,Wood
DIC-2276,5GF134,4270,30,Charcoal
Tx-3877,5MT2858,4260,60,textile
Beta-68171,5BL2712,4260,40,Charcoal
CURL-10329,5MF2997,4260,40,Charcoal
Beta-49239,5GN2193,4250,70,charcoal
Beta-34148,5MT5376,4250,50,Charcoal
Beta-117350,5LP695,4220,150,Charcoal
Beta-67415,5MF3003,4220,40,sediment
UGA-4501,5GA701,4210,80,Charcoal
Beta-70062,5LA6266,4210,40,sediment
Beta-117351,5LP695,4190,150,Charcoal
Beta-117352,5LP695,4185,75,Charcoal
Beta-117353,5LP695,4180,120,Charcoal
BETA-75865,5LP1434,4180,50,other (plant)
Beta-117355,5LP695,4170,110,Charcoal
Beta-79098,5BL3440,4170,40,Charcoal
Beta-117356,5LP695,4165,70,Charcoal
Beta-117357,5LP696,4160,110,Charcoal
Beta-117358,5LP696,4160,110,Charcoal
BETA-75864,5LP1434,4160,50,other (plant)
Beta-117361,5LP696,4150,150,Charcoal
Beta-117362,5LP696,4150,115,Charcoal
Beta-47466,5WL1818,4150,110,Charcoal
Beta-117360,5LP696,4150,90,Charcoal
Beta-117359,5LP696,4150,80,Charcoal
Beta-66838,5GN1835,4150,60,Charcoal
Beta-55054,5MT10967,4150,40,bone
Beta-117363,5LP696,4145,90,Charcoal
Beta-117364,5LP696,4140,70,Charcoal
UGA-2744,5MF436,4130,125,Charcoal
UGA-2745,5MF436,4130,85,Charcoal
Beta-117366,5LP696,4130,80,Charcoal
Beta-117365,5LP696,4130,70,Charcoal
I-3380,Mt. Albion,4130,70,charcoal
I-3817,5BL67,4130,70,charcoal
Beta-75756,5GA1609,4130,50,Charcoal
CAMS-32682,5CH1,4130,40,bone
Beta-117368,5LP696,4120,90,Charcoal
Beta-117367,5LP696,4120,70,Charcoal
Beta-48394,5PE8,4120,70,Charcoal
UGA-2614,5JF52,4115,25,Charcoal
BETA-261011,5MF2993,4111,37,charcoal
Beta-117369,5LP696,4110,90,Charcoal
Beta-58781,5MF3003,4110,70,sediment
DIC-1258,5BA30,4110,40,charcoal
Beta-28934,5MF2639,4100,60,Charcoal
Beta-77997,5GA1609,4100,40,Charcoal
Beta-117370,5LP696,4080,60,Charcoal
Beta-88063,5MF2907,4080,40,Charcoal
CAMS-26782,5GA1513,4080,40,Bone 
CURL-10327,5MF6255,4080,40,Charcoal
Beta-117371,5MN2628,4070,170,Charcoal
ICA-14P-821,5LP1434,4070,70,seeds
Beta-117459,5MN4253,4060,70,Charcoal
Beta-42362,5RB454,4060,60,Charcoal
Beta-7101,5LA5255,4060,60,Charcoal
Beta-81524,5EP2200,4060,50,Charcoal
Beta-117460,5MN4253,4050,120,Charcoal
Beta-117461,5MN4253,4040,70,Charcoal
Beta-88776,5EP1598,4040,40,Charcoal
Beta-117462,5MN4253,4030,90,Charcoal
Beta-117463,5MN4253,4030,70,Charcoal
RL-1130,5ME635,4030,70,charcoal
CURL-10324,5MF2997,4030,40,Charcoal
Beta-261397,5MF2997,4028,35,Charcoal
Beta-117464,5MN4253,4020,80,Charcoal
Beta-7103,5LA5255,4020,70,Charcoal
Beta-77457,5LA6197,4020,40,Charcoal
Beta-117466,5MN4253,4010,90,Charcoal
Beta-42359,5RB454,4010,80,Charcoal
Beta-117465,5MN4253,4010,70,Charcoal
Beta-76195,5RB3643,4010,50,wood
Beta-65275,5JF321,4010,40,Charcoal
Beta-117467,5MN4253,4000,120,Charcoal
Beta-117468,5MN4253,4000,110,Charcoal
Beta-64574,5RB3574,4000,60,Charcoal
Beta-65286,5GN810,4000,60,Charcoal
Beta-75928,5MF3003,4000,40,sediment
Beta-58793,5MF3186,3990,40,sediment
Beta-81773,5RB3737,3990,40,charcoal
Beta-117469,5MN4253,3980,60,Charcoal
Beta-48395,5PE8,3970,70,Charcoal
Beta-67423,5MF3572,3970,70,Charcoal
Beta-117470,5MN4253,3960,70,Charcoal
Beta-117471,5MN4253,3950,150,Charcoal
Beta-118774,5GA869,3940,260,Charcoal
Beta-3649,5RB2212,3940,100,Charcoal
Beta-11898,5PE648,3920,160,Charcoal
OXA-27750,5DA272,3920,60,leather
Beta-3419,5GA151,3910,70,Wood
Beta-36207,5GA1172,3910,60,Wood
Beta-76619,5GN1835,3910,40,Charcoal
Beta-11899,5PE649,3900,100,Charcoal
Tx-3882,5MT2192,3890,70,charcoal
Beta-11900,5PE649,3890,60,Charcoal
Beta-76615,5GN1835,3880,40,Charcoal
Beta-57247,5BL153,3860,80,charcoal
Beta-42364,5RB454,3860,70,Charcoal
Beta-75753,5GA1599,3860,40,Charcoal
Beta-77618,5HF1079,3860,40,Charcoal
Beta-11943,5MT8354,3850,70,Charcoal
Beta-3572,5GF134,3850,50,Charcoal
Beta-75448,5WL1997,3850,40,Charcoal
Beta-75515,5JF223,3850,40,Charcoal
Beta-11945,5MT8443,3840,90,Charcoal
Beta-57835,5MT10967,3840,40,textile
Beta-57958,5JF463,3840,40,sediment
Beta-11993,5MT8733,3830,120,Charcoal
Beta-36037,5ME1057,3830,50,charcoal
Beta-57957,5JF463,3820,40,sediment
Beta-75755,5GA1604,3820,40,Charcoal
BETA-75863,5LP1434,3820,40,other (plant)
Beta-75955,5RB234,3820,40,Charcoal
Beta-12037,5ME11368,3810,140,Charcoal
Beta-12011,5JF339,3810,130,Charcoal
Beta-66971,5LA6197,3810,80,Charcoal
Beta-120983,5GA1190,3800,75,Charcoal
Beta-42352,5RB454,3800,70,Charcoal
Beta-6017,5ME1203,3800,40,Charcoal
Beta-87270,5AH741,3800,40,Charcoal
Beta-121877,5BL4838,3790,130,Charcoal
GX-528,5JF6,3780,100,charcoal
UGA-2741,5MF436,3780,80,Charcoal
Beta-121878,5BL4838,3775,165,Charcoal
Beta-12200,5JF52,3770,70,Charcoal or bone?
Beta-12215,5JF339,3760,210,Charcoal
Beta-12276,5JF339,3760,70,Charcoal
Beta-93422,5AH741,3760,40,Charcoal
Beta-50124,5DV3017,3750,80,Charcoal
Beta-48605,5MF3586,3750,70,Charcoal
Tx-3881,5MT2192,3750,70,charcoal
Beta-36438,5MN519,3750,50,other (plant)
CAMS-24968,5CH1,3740,40,bone
UGA-4166,5LK372,3730,40,Charcoal
Beta-123036,5ME11365,3720,140,Charcoal
Beta-123038,5ME11368,3720,80,Charcoal
Beta-123039,5ME11374,3710,90,Charcoal
Beta-6182,5LP4991,3710,90,wood
Beta-77624,5HF1109,3710,40,Charcoal
Beta-78592,5RB3042,3710,40,wood
Beta-124035,5ME11365,3700,105,Charcoal
Beta-124401,5JF1780,3690,130,Charcoal
Beta-124403,5ST303,3690,130,Charcoal
Beta-67416,5MF3003,3690,40,sediment
Beta-12489,5MF2277,3680,100,Charcoal
Beta-75342,5MF2725,3680,40,Charcoal
Beta-96078,5RB312,3680,40,Charcoal
Beta-125429,5GA20,3660,140,Charcoal
Beta-125430,5GA20,3660,130,Charcoal
UGA-2740,5MF436,3660,80,Charcoal
Beta-81721,5MT10525,3650,50,Charcoal
Beta-75751,5GA1599,3650,40,Charcoal
Beta-77623,5HF1096,3650,40,Charcoal
DIC-2182,5GF122,3650,30,Charcoal
Beta-93174,5GA1609,3640,40,Charcoal
Beta-38798,5CF554,3630,80,Charcoal
UGA-2737,5MF435,3620,95,Charcoal
DIC-1662,5GF110,3610,30,Charcoal
Beta-12619,5ME1373,3600,130,Charcoal
Beta-12614,5ME1373,3600,60,Charcoal
Beta-52690,5MF2631,3600,50,Wood
Beta-5282,5RB2372,3600,40,Wood
Beta-12620,5ME1373,3590,110,Charcoal
RL-225,5LK6,3590,90,charcoal
Beta-12621,5ME1373,3590,60,Charcoal
Beta-81722,5MT10525,3590,50,Charcoal
Beta-92062,5LA6294,3590,40,Charcoal
Beta-98419,5BL3440,3590,40,charcoal
DIC-1660,5GF110,3590,30,Charcoal
Beta-85135,5GN2478,3580,40,Charcoal
TX-290,5LA6204,3570,70,charcoal
Beta-12622,5ME1373,3570,60,Charcoal
Beta-12623,5ME1373,3560,110,Charcoal
Beta-12624,5ME1373,3560,100,Charcoal
Beta-12625,5ME1373,3550,70,Charcoal
Beta-12628,5ME1373,3545,50,Charcoal
Beta-88037,5AA952,3540,40,Charcoal
Beta-12629,5ME1373,3530,100,Charcoal
TX-3628,5GN10,3530,80,Charcoal
Beta-60763,5BL3440,3530,70,Charcoal
Beta-56588,5RB3499,3530,60,Charcoal
Beta-12630,5ME1373,3520,130,Charcoal
Beta-12631,5ME1373,3520,85,Charcoal
Beta-12633,5ME1373,3510,270,Charcoal
UGA-3521,5FN316,3510,125,Charcoal
Tx-2654,5ST85,3500,60,charred wood
Beta-81526,5EP2200,3490,50,Charcoal
Beta-92061,5LA6294,3490,40,Charcoal
UGA-2742,5MF436,3480,160,Charcoal
Beta-68675,5RB3651,3480,130,wood
Beta-127183,5SM2425,3480,80,Charcoal
Beta-8000,5LA2240,3480,50,Charcoal
Beta-57959,5JF463,3480,40,sediment
Beta-6883,5GA217,3480,40,Charcoal
Beta-127184,5SM2425,3470,80,Charcoal
Beta-127185,5SM2425,3460,100,Charcoal
Beta-34147,5MT5376,3450,60,Charcoal
Beta-83503,5WL1849,3450,40,Charcoal
Beta-127186,5SM2425,3440,90,Charcoal
Beta-66090,5LR1683,3440,60,Charcoal
Beta-93175,5GA1609,3440,40,Charcoal
Beta-127187,5SM2425,3420,65,Charcoal
Beta-127189,5SM2425,3410,90,Charcoal
Beta-3571,5GF134,3410,80,Charcoal
Beta-127188,5SM2425,3410,70,Charcoal
Beta-83504,5WL1997,3410,40,Charcoal
UCIAMS-43146,5MN1609,3400,170,Charcoal
Beta-127191,5SM2425,3400,100,Charcoal
Beta-127190,5SM2425,3400,60,Charcoal
Beta-54730,5LR1062,3390,70,Charcoal
Beta-76548,,3390,40,other (plant)
Beta-127192,5SM2425,3384,80,Charcoal
Beta-34146,5MT5376,3380,120,Charcoal
RL-736,5JF1780,3370,130,Charcoal
UGA-3881,5PA153,3370,40,Charcoal
DIC-2180,5GF127,3370,30,Charcoal
Beta-5246,5LP4991,3362,54,charcoal
Beta-127193,5SM2425,3360,130,Charcoal
UGa-1387,5LR220,3360,80,unknown
Beta-58772,5MF2991,3350,60,sediment
Beta-75748,5GA1599,3350,40,Charcoal
Beta-88775,5EP2256,3350,40,Charcoal
Beta-127194,5SM2425,3340,180,sediment
Beta-56254,5GN810,3330,80,Charcoal
Beta-48400,5PE8,3320,70,Charcoal
Tx-2655,5ST85,3320,70,charred wood
Beta-7929,5ME4645,3310,50,Charcoal
Beta-78365,5AA952,3310,40,bone
GX-726,5CH3,3305,55,bone
Beta-127196,5SM2425,3300,90,Charcoal
Beta-127197,5SM2425,3300,80,Charcoal
UGA-1976,5LR252,3300,20,Charcoal
Beta-12754,5EA684,3290,110,Wood
Beta-42361,5RB454,3290,60,Charcoal
Beta-93423,5AH741,3290,40,Charcoal
Beta-75754,5GA1602,3280,40,Charcoal
Beta-127857,5MN4253,3270,90,Charcoal
Beta-127856,5MN4253,3270,70,bone
Beta-9182,5CF84,3270,40,Charcoal
Beta-12799,5EP750,3260,100,Charcoal
Beta-8123,5GN42,3260,40,Charcoal
Beta-12801,5JF339,3250,80,Charcoal
Beta-12803,5JF339,3250,80,Charcoal
Beta-58804,5MF2990,3250,60,sediment
UGA-2736,5MF435,3240,75,Charcoal
UGa-1379,5MN654,3240,60,other (plant)
Beta-81525,5EP2200,3240,50,Charcoal
Beta-56589,5RB3498,3230,60,Charcoal
Beta-128417,5ME11465,3230,50,Charcoal
Beta-27678,5MF2637,3220,70,Charcoal
Beta-6183,5LP4991,3220,50,wood
Beta-83502,5WL1849,3220,40,sediment
Beta-128418,5ME11465,3215,110,Charcoal
Beta-128419,5ME11465,3215,90,Charcoal
Beta-128420,5ME11465,3210,100,Charcoal
ICA-14P-820,5LP1434,3210,80,textile
I-3818,5JF10,3200,60,charcoal
UGA-15256,5LP1434,3200,50,textile
Beta-128421,5ME11465,3190,80,Charcoal
Beta-7199,5RB2435,3190,40,Charcoal
Beta-75758,5GA1609,3190,40,Charcoal
Beta-128422,5ME11465,3180,100,Charcoal
Beta-128426,5ME11465,3180,90,Charcoal
Beta-128424,5ME11465,3180,80,Charcoal
Beta-58774,5MF2998,3180,70,Charcoal
Beta-128423,5ME11465,3180,60,Charcoal
Beta-128427,5ME11465,3170,80,Charcoal
Beta-128517,5MT13632,3170,70,Charcoal
Beta-12861,5EP773,3160,160,Charcoal
UGA-1864,5LR288,3160,110,Charcoal
CURL-10326,5MF2997,3160,40,Charcoal
Beta-129182,5LP4991,3150,100,Charcoal
Beta-129183,5LP4991,3140,130,Charcoal
I-9762,5LA1416,3140,70,charcoal
Beta-129310,5ME213,3140,60,Charcoal
UGA-2950,5MF476,3140,60,Charcoal
UGA-1705,5RB298,3140,50,Charcoal
Beta-129311,5ME213,3130,190,Charcoal
Beta-129312,5ME213,3130,80,Charcoal
Beta-129313,5ME213,3130,70,Charcoal
Beta-93173,5GA1609,3130,40,Charcoal
DIC-1508,5DA265,3130,30,charcoal
I-17908,5FN12,3120,190,Charcoal
Beta-129314,5ME213,3120,70,Charcoal
Beta-48399,5PE8,3120,60,Charcoal
Beta-95307,5LP4223,3120,60,other (plant)
Beta-129316,5ME213,3110,130,Charcoal
BETA-278079,5MF3006,3110,70,charcoal
Beta-129315,5ME213,3110,60,Charcoal
Beta-93421,5AH741,3110,40,Charcoal
Beta-129317,5ME213,3095,130,Charcoal
Beta-129318,5ME213,3095,75,Charcoal
Beta-66970,5LA6197,3090,60,sediment
Beta-129319,5ME213,3085,60,Charcoal
GX-321,5WL32,3070,120,charcoal
Beta-42932,5LR1085,3070,70,Charcoal
DIC-1507,5DA265,3070,30,charcoal
UGA-12488,5MN519,3060,70,other (plant)
Beta-12932,5ME3972,3060,60,Charcoal
Beta-129320,5ME213,3060,60,Charcoal
Beta-6882,5GA217,3050,70,Charcoal
Beta-75927,5MF3003,3050,60,sediment
Beta-76613,5GN1835,3050,40,Charcoal
CURL-10323,5MF2997,3050,40,Charcoal
UGA-3998,5MF958,3050,30,Charcoal
Beta-48812,5WL48,3040,40,Charcoal
Beta-129321,5ME213,3030,75,Charcoal
Beta-12967,5RB2685,3020,55,Charcoal
Beta-12968,5RB2685,3010,70,Charcoal
Beta-77621,5HF1082,3010,40,Charcoal
CURL-10422,5RB4927,3010,40,Charcoal
Beta-12969,5RB2686,3000,90,Charcoal
Beta-58775,5MF2998,2990,100,sediment
Beta-12980,5DT2,2990,50,Wood
GX-527,5JF6,2980,60,charcoal
DIC-1506,5DA265,2980,50,charcoal
Beta-130174,5LP864,2970,90,Charcoal
Beta-97623,5HN55,2970,40,Charcoal
Beta-13039,5RB1463,2960,50,Charcoal
Beta-8392,5DL775,2960,40,Charcoal
Beta-13041,5RB1463,2950,90,Charcoal
Beta-13040,5RB1463,2950,40,other (plant)
UGA-4000,5JF51,2950,30,Charcoal
Beta-267635,5ME113,2941,49,Charcoal
Beta-13055,5DT2,2940,60,Other
Beta-65656,5BL153,2930,110,charcoal
I-4107,Ismay Pueblo,2920,70,charcoal
Beta-79742,5LR6,2920,40,Charcoal
UGA-4225A,5LP4991,2920,40,other (plant)
Beta-130975,5MN273,2910,80,Charcoal
Beta-130978,5MN3880,2910,55,Charcoal
Beta-58808,5MF3187,2910,40,sediment
Beta-130980,5MN3881,2900,90,Charcoal
Beta-130981,5MN3881,2900,90,Charcoal
Beta-130979,5MN3880,2900,60,Charcoal
DIC-332,5LA1052,2900,60,bone
Beta-130983,5MN3883,2890,80,Charcoal
Beta-130982,5MN3883,2890,60,Charcoal
Beta-46614,5GN1835,2890,60,Wood
Beta-130984,5MN3887,2880,60,Charcoal
Beta-58784,5MF3012,2880,50,Charcoal
Beta-130985,5MN3888,2870,80,Charcoal
Beta-39160,5GA1495,2870,70,Charcoal
Beta-37703,5LA6028,2870,60,Charcoal
UGA-3633,5LA2169,2870,40,Charcoal
Beta-130987,5MN3888,2860,80,Charcoal
UGA-2422,5RB699,2855,20,Charcoal
Beta-130989,5MN4253,2850,100,Charcoal
UGA-3632,5LA2169,2850,30,Charcoal
UGA-453,5LO101,2840,130,Charcoal
Beta-130990,5MN4253,2840,80,Charcoal
Beta-77619,5HF1079,2840,60,Charcoal
Beta-76199,5RB454,2840,50,Charcoal
Beta-130997,5LP841,2830,135,Charcoal
Beta-38476,5RB2958,2830,90,Charcoal
Beta-130993,5MN4253,2830,60,Charcoal
Beta-130995,5MN4255,2830,60,Charcoal
Beta-130992,5MN4253,2830,50,Charcoal
Beta-130994,5MN4253,2830,50,Charcoal
BETA-278077,5MF3006,2830,50,charcoal
Beta-131000,5LP2820,2820,190,Charcoal
Beta-48393,5EP45,2820,70,Charcoal
Beta-49093,5MF2631,2820,70,Charcoal
Beta-130998,5LP841,2820,60,Charcoal
Beta-58603,5MF3593,2820,60,Charcoal
Beta-131001,5LP2820,2810,80,Charcoal
Beta-59867,5MF2996,2810,60,sediment
Beta-85134,5GN2478,2810,40,Charcoal
Beta-98073,5EP2158,2810,40,Charcoal
Beta-58801,5MF3611,2800,80,charcoal
Beta-97616,5HN55,2790,40,Charcoal
CAMS-31814,5CH1,2790,40,bone
CURL-10421,5MF3006,2790,40,charcoal
Beta-131002,5LP2821,2785,90,Charcoal
Beta-131004,5LP4944,2780,220,Charcoal
Beta-131003,5LP4944,2780,90,Charcoal
Beta-131005,5LP4945,2775,70,Charcoal
Beta-131008,5LP4945,2770,100,Charcoal
Beta-131007,5LP4945,2770,90,Charcoal
Beta-131006,5LP4945,2770,60,Charcoal
DIC-757,5LA1053,2770,60,charcoal
DIC-972,5ME217,2770,60,Charcoal
DIC-1434,5LA1721,2770,30,bone
Beta-131009,5LP4946,2760,110,Charcoal
Beta-58792,5MF3178,2760,110,Charcoal
Beta-131012B,5LP4947,2760,90,Charcoal
Beta-131012,5LP5084,2760,70,Charcoal
Beta-95167,5LP4223,2760,70,textile
Beta-79736,5LR6,2760,40,Charcoal
RL-1870,5RB2457,2750,80,Charcoal
Beta-48813,5WL48,2750,70,Charcoal
Beta-87097,5RB3042,2750,40,charcoal
Beta-131013,5LP5084,2740,95,Charcoal
UGA-993,5JF52,2740,70,bone
Beta-34349,5MF2539,2740,40,Wood
Beta-131015,5LP5085,2730,200,Charcoal
Beta-131018,5LP5086,2725,60,Charcoal
Beta-131020,5LP5087,2700,105,Charcoal
Beta-131019,5LP5087,2700,90,Charcoal
Beta-58277,5EP2020,2700,70,Charcoal
Beta-75288,5MT10595,2700,40,Charcoal
Beta-131022,5LP5087,2690,120,Charcoal
Beta-131021,5LP5087,2690,80,Charcoal
Beta-131023,5LP5087,2680,90,Charcoal
Beta-78595,5RB3042,2680,40,wood
Beta-81295,5JF321,2680,40,Charcoal
Beta-131025,5SM2426,2670,160,Charcoal
GX-514,5LA550,2670,70,other (plant)
UGA-3736,5MF435,2670,40,Charcoal
UCR-3883,5LP1434,2660,160,textile
Beta-131027,5SM2427,2660,130,Charcoal
Beta-131026,5SM2426,2660,80,Charcoal
Beta-4635,5HF289,2660,70,Charcoal
Beta-131049,5MT11431,2650,180,Charcoal
Beta-131028,5SM2427,2650,70,Charcoal
BETA-278078,5MF3006,2650,70,charcoal
I-15135,5LR1370,2650,50,unknown
Beta-59091,5MF1915,2640,70,Charcoal
Beta-131103,5SM2425,2620,90,Charcoal
I-9747,5LA1211,2620,80,Charcoal
Beta-97620,5HN55,2620,70,Charcoal
Beta-131050,5MT13681,2620,60,Charcoal
RL-1481,5MN1068,2620,60,sediment
CURL-10428,5MF3583,2620,40,Charcoal
Beta-131104,5SM2425,2610,70,Charcoal
Beta-131495,5MN3859,2610,60,Charcoal
Beta-131497,5MN3859,2600,100,sediment
Beta-131496,5MN3859,2600,90,sediment
Beta-58780,5MF3003,2600,50,Charcoal
DIC-758,5LA1110,2590,70,charcoal
Beta-96541,5BL3440,2590,50,Charcoal
Beta-131498,5MN3859,2580,50,sediment
UCIAMS-43145,5SM346,2580,50,bone
Beta-131500,5MN3859,2570,80,sediment
UGA-15257,5LP1434,2570,80,textile
Beta-131499,5MN3859,2570,70,Charcoal
Beta-75285,5MT10594,2570,40,Charcoal
Beta-95306,5LP4223,2570,40,other (plant)
Beta-45837,5GN1835,2560,70,Wood
Beta-77456,5LA6197,2560,40,Charcoal
Beta-257302,5MF2990,2550,200,Charcoal
Beta-38475,5RB2958,2550,90,Charcoal
Beta-51344,5RB454,2550,40,Charcoal
UGA-4168,5LK372,2550,40,Charcoal
W-1910,5LA1211,2550,25,charcoal
Beta-131501,5MN3859,2540,60,Charcoal
UGA-4231,5LP4991,2530,40,other (plant)
UGA-4001,5JF52,2530,30,Charcoal
TX-3647,5GN191,2520,80,Charcoal
Beta-131502,5MN3859,2520,70,Charcoal
Beta-55802,5RB3366,2520,40,charcoal
Beta-59868,5MF2996,2520,40,sediment
Beta-65288,5GN810,2520,40,Charcoal
Beta-71551,5BL2712,2510,40,Charcoal
Beta-76593,5GA1513,2510,40,Bone 
Beta-131504,5MN3859,2500,80,sediment
Beta-4949,5GA151,2500,80,Wood
Beta-58602,5MF3573,2500,40,Charcoal
Beta-68172,5BL2712,2500,40,Charcoal
UGA-4224A,5LP4991,2500,40,other (plant)
W-190,Unaweep,2500,25,charcoal
W-4246,5RB726,2500,25,Charcoal
Beta-40670,5PE910,2490,100,Charcoal
Beta-131505,5MN3859,2490,60,Charcoal
Beta-85706,5GN1835,2490,40,Charcoal
Beta-131507,5MN3859,2480,160,Charcoal
Beta-131508,5MN3859,2480,125,Charcoal
Beta-131506,5MN3859,2480,90,Charcoal
Beta-97302,5GN000,2480,60,Charcoal
Beta-79019,5RB3657,2480,40,charcoal
UGA-4223A,5LP4991,2480,40,other (plant)
Beta-131509,5MN3859,2470,190,Charcoal
Beta-131510,5MN3876,2470,100,Charcoal
BETA-315097,5JA421,2470,90,bone
I-16515,5LA3491,2470,80,Charcoal
Beta-85707,5GN1835,2470,40,Charcoal
Beta-131512,5MN3876,2460,70,Charcoal
Beta-42365,5RB454,2450,60,Charcoal
DIC-1234,5LA1722,2450,30,charcoal
UGA-3725,5LP264,2450,30,other (plant)
W-1018,5DA541,2450,25,charcoal
Beta-131515,5MN3876,2440,185,Charcoal
Beta-131514,5MN3876,2440,120,Charcoal
Beta-131513,5MN3876,2440,80,Charcoal
OXA-27675,5DA272,2440,60,leather
RL-1132,5ME635,2440,60,charcoal
W-1906,5LA1416,2440,25,Charcoal
WSU-1750,5ST85,2435,90,charred wood
GX-3876,5MT2242,2430,90,Charcoal
Beta-75926,5MF2998,2430,80,sediment
Beta-131516,5MN3876,2430,60,Charcoal
Beta-131517,5MN3876,2430,60,Charcoal
Beta-131518,5MN3876,2430,55,Charcoal
Beta-131519,5MN3876,2420,160,Charcoal
Beta-131520,5MN3876,2420,100,Charcoal
Beta-77620,5HF1079,2420,40,Charcoal
Beta-131521,5MN3876,2415,85,Charcoal
Beta-131524,5ME6731,2410,90,Charcoal
Beta-42357,5RB454,2410,70,Charcoal
UGA-2734,5MF435,2410,70,Charcoal
Beta-131522,5MN4082,2410,50,Charcoal
Beta-131525,5ME6731,2400,60,Charcoal
ETH-24872,5LA9187,2400,60,Charcoal
Beta-97569,5GN1835,2400,40,Charcoal
Beta-131526,5ME6731,2390,70,Charcoal
Beta-131527,5ME6731,2390,70,Charcoal
Beta-95309,5LP4223,2380,80,other (plant)
Beta-2638,5OR182,2375,46,Wood
Beta-131529,5ME6731,2370,60,Charcoal
Beta-131530,5ME6731,2365,75,Charcoal
Beta-131531,5ME6709,2360,50,Charcoal
Beta-131532,5ME6709,2350,120,Charcoal
BETA-315314,5MF7046,2350,80,Charcoal
Beta-131533,5ME6715,2350,55,Charcoal
DIC-973,5ME217,2350,50,Charcoal
DIC-1440,5DA265,2350,40,charcoal
Beta-131534,5ME6715,2340,100,Charcoal
CURL-10309,5MF3178,2340,100,Charcoal
Beta-131535,5ME11716,2340,85,Charcoal
Beta-95165,5LP?,2340,60,textile
DIC-1657,5GF110,2340,40,unknown
I-8563,5BL170,2330,80,charcoal
Beta-132786,5ME11766,2320,90,Charcoal
Beta-39965,5EP935,2320,60,Charcoal
Beta-85828,5GF308,2320,40,Charcoal
Beta-5504,5RB2284,2310,70,Charcoal
Beta-132960,5LR4499,2300,100,Charcoal
Beta-132962,5LR4499,2300,95,Wood
GaK-672,5LA22,2300,80,charcoal
Beta-32043,5ME5997,2300,60,Charcoal
UGA-1045,5RB123,2300,50,Charcoal
Beta-32246,5MF2539,2300,40,Charcoal
Beta-99938,5ME213,2300,40,Wood
UGA-4229,5LP4991,2300,40,other (plant)
UGA-3727B,5MN1068,2300,30,sediment
Beta-98072,5EP2158,2290,140,Charcoal
Beta-13327,5PA415,2290,50,Charcoal
WSU-2476,5MN1068,2290,30,sediment
UGA-2613,5JF52,2285,20,Charcoal
Beta-13329,5GF1336,2280,50,Wood
Beta-77622,5HF1082,2280,50,Charcoal
UGA-15254,5LP1434,2270,80,textile
TO-337,5LR13,2270,60,charcoal
Beta-49237,5GN1870,2270,50,charcoal
Beta-270153,5JA7,2265,40,bone
Beta-133591,5MT13682,2260,80,Charcoal
Beta-38477,5RB2958,2260,60,Wood
I-9753,5LA1416,2260,40,wood
Beta-134535,5ME11782,2250,75,Charcoal
Beta-134533,5ME4645,2250,70,Charcoal
Beta-46615,5GN1835,2250,70,charcoal
RL-1169,5ME429,2250,70,charcoal
Beta-134536,5ME11782,2240,70,Charcoal
Beta-3292,5GN191,2240,70,charcoal
Beta-58107,5MF1124,2240,60,Charcoal
Beta-96545,5BL127,2240,50,Charcoal
Beta-74906,5BL102,2240,40,Charcoal
I-9752,5LA1416,2240,40,charcoal
Beta-13485,5MT7036,2230,80,Charcoal
Beta-13486,5MT7044,2230,80,Charcoal
Beta-49238,5GN164,2230,60,charcoal
Beta-95664,5LA1416,2230,60,Charcoal
Beta-58777,5MF2998,2230,40,sediment
Beta-13487,5MT7048,2220,90,Charcoal
Beta-13488,5DL1081,2220,80,Charcoal
Beta-13489,5MF2277,2220,80,Wood
Beta-13512,5GF1341,2220,60,charcoal
Beta-96544,5BL127,2220,60,Charcoal
UGA-12489,5MN519,2220,40,other (plant)
Beta-135168,5ME1057,2210,90,Charcoal
Beta-3293,5GN191,2210,80,charcoal
SR-6191,5GA1219,2210,60,Other
Beta-135169,5ME1057,2200,210,Charcoal
Beta-135170,5ME1057,2200,100,Charcoal
Beta-5995,5GA128,2200,80,Charcoal
Beta-135171,5ME1057,2200,70,Charcoal
Beta-135172,5ME1057,2200,70,Charcoal
Beta-97301,5GN2478,2200,40,Charcoal
CU-8124,5JF321,2200,40,bone
Beta-135173,5ME1057,2190,60,Charcoal
Beta-97621,5HN55,2190,40,Charcoal
Beta-49622,5LA3242,2180,40,Charcoal
Beta-55978,5DT192,2180,40,Wood
Beta-135174,5ME1057,2175,95,Charcoal
Beta-135255,5ME11918,2170,160,Charcoal
Beta-135175,5GF2701,2170,100,Charcoal
Beta-135209,5GN2151,2170,80,Charcoal
Beta-37374,5RB2764,2170,80,Wood
GX-325,5PE278,2170,80,charcoal
Beta-135208,5GN817,2170,65,Charcoal
BETA-315138,5MF7046,2170,60,Charcoal
CURL-10307,5MF1915,2170,40,Charcoal
Beta-135256,5ME11919,2160,130,Charcoal
UGa-1145,5ST85,2160,70,charred wood
I-5450,5GA22,2160,60,charcoal
UGa-3724,5LP264,2160,30,charcoal
GX-719,5LA768,2155,55,charcoal
Beta-27103,5GA1107,2155,39,Wood
Beta-135360,5RB3157,2150,90,other (plant)
Beta-13545,5MF1818,2150,60,Charcoal
Beta-32042,5ME5962,2150,60,Charcoal
Beta-46618,5GN1835,2150,60,charcoal
Beta-13546,5MF1818,2140,70,Charcoal
Beta-13547,5MF1827,2140,60,Charcoal
CU-8112,5JF321,2140,40,bone
I-9751,5LA1416,2140,40,charcoal
Beta-97617,5HN55,2130,90,Charcoal
Beta-13888,5DT2,2130,80,Wood
Beta-13548,5MF1827,2130,60,Charcoal
Beta-39157,5GA55,2130,60,Wood
Beta-89218,5AH416,2130,40,Charcoal
UGA-4221A,5LP4991,2130,40,other (plant)
Beta-139120,5MN4253,2120,100,other (plant)
Beta-3295,5GN191,2120,90,Wood
UCR-3885,5LP1434,2120,60,other (plant)
UGa-926,5MN367,2120,40,charcoal
Beta-140326,5EP1080,2110,130,other (plant)
Beta-140073,5LP696,2110,100,other (plant)
I-14900,5GA22,2110,100,Charcoal
Beta-3297,5GN212,2110,90,Charcoal
Beta-13995,5DT2,2110,80,Wood
Beta-49241,5GN2192,2110,40,charcoal
Beta-140330,5LP4991,2100,220,other (plant)
Beta-140332,5LP4991,2100,100,other (plant)
Beta-140329,5LP4991,2100,60,Charcoal
Beta-140331,5LP4991,2100,60,Charcoal
Beta-95310,5LP4223,2100,60,other (plant)
GX-1282,5LR13,2100,60,charcoal
UGA-2739,5MF435,2100,55,Charcoal
UGa-1047,5LR252,2100,50,charcoal
Beta-74908,5BL3440,2100,40,Charcoal
UGA-4220,5LP4991,2100,40,other (plant)
Beta-140333,5LP4991,2095,60,Charcoal
Beta-14086,5RB2727,2090,100,Wood
Beta-140641,5RB451,2090,70,Charcoal
I-141,5LR13,2090,60,charcoal
UGA-4222A,5LP4991,2090,40,other (plant)
Beta-14087,5RB2728,2080,160,Wood
Beta-14088,5RB2728,2080,70,Wood
Beta-14089,5RB2728,2070,100,Wood
Beta-50116,5DV3017,2070,50,Charcoal
Beta-67422,5MF3177,2070,40,sediment
BETA-271514,5MF3006,2062,31,Charcoal
Beta-14093,5RB2729,2060,110,Wood
Beta-14092,5RB2729,2060,90,Wood
Beta-58798,5MF3601,2060,80,charcoal
Beta-3296,5GN212,2060,70,Charcoal
M-285,5MF373,2060,70,other (plant)
Beta-14091,5RB2728,2060,60,Wood
Beta-3668,5GA151,2060,60,Wood
Beta-42356,5RB454,2060,60,Charcoal
Beta-95667,5LA1416,2060,60,Charcoal
Beta-58807,5MF2990,2060,40,sediment
Beta-9183,5CF84,2060,40,Charcoal
CURL-10427,5MF6276,2060,40,charcoal
Beta-75282,5MT10594,2050,80,Charcoal
UGA-2735,5MF435,2050,65,Charcoal
TX-3150,5GN204,2050,60,Charcoal
Beta-68678,5RB3657,2050,50,wood
UGA-4170,5LK372,2050,40,Charcoal
Beta-141539,5GF620,2040,100,Charcoal
Beta-14179,5CF358,2040,85,Charcoal
Beta-141538,5GF620,2040,70,Charcoal
Beta-4484,5HF289,2040,70,Charcoal
Beta-56584,5RB454,2040,60,Charcoal
DIC-1663,5GF110,2040,30,Charcoal
WSU-1759,5ST85,2040,25,charred wood
Beta-14182,5CF358,2033,140,Charcoal
Beta-14183,5CF358,2030,90,Charcoal
Beta-14185,5CF358,2030,80,Charcoal
Beta-95665,5LA1211,2020,50,Charcoal
Beta-14186,5CF358,2010,100,Charcoal
UGa-1051,5LR252,2010,50,charcoal
Beta-49240,5GN2192,2010,40,charcoal
W-4250,5RB699,2010,20,Charcoal
I-15132,5BL94,2000,90,Charcoal
Beta-14312,5ME4957,2000,60,Charcoal
Beta-14313,5ME4957,2000,60,Charcoal
Beta-14316,5ME4959,1990,240,Charcoal
Beta-14317,5ME4959,1990,240,Charcoal
Beta-14315,5ME4959,1990,160,Charcoal
Beta-14314,5ME4957,1990,90,Charcoal
Beta-14318,5ME4959,1980,100,Charcoal
DIC-324,5LA1053,1980,80,charcoal
Beta-95663,5LA1416,1980,60,Charcoal
Beta-14319,5ME4959,1980,50,Charcoal
UGa-1048,5LR252,1980,50,charcoal
C-451,5LR13,1980,40,charcoal
Beta-14320,5ME4959,1970,160,Charcoal
Beta-14324,5ME4971,1970,100,Charcoal
Beta-14323,5ME4971,1970,80,Charcoal
Beta-14321,5ME4959,1970,70,Charcoal
Beta-42355,5RB454,1970,70,Charcoal
Beta-4704,5GA151,1970,60,Wood
Beta-50908,5GA55,1970,60,Charcoal
Beta-14322,5ME4959,1970,50,Charcoal
Beta-9177,5HF246,1970,40,Charcoal
CAMS-9082,5RB2958,1970,40,bone
UGA-4226,5LP4991,1970,40,other (plant)
Beta-14325,5ME4971,1960,80,Charcoal
BETA-356997,5ME14351,1960,70,Charcoal
UGa-829,5LR252,1960,70,charcoal
Beta-14461,5BA320,1950,90,Charcoal
Beta-14424,5DT2,1950,70,Wood
Beta-14462,5BA346,1940,410,Charcoal
Beta-3285,5GN247,1940,60,charcoal
Beta-79739,5LR6,1940,50,Charcoal
Beta-66837,5GN1835,1940,40,Charcoal
CURL-10440,5RB4927,1940,40,Charcoal
W-4249,5RB726,1940,25,Charcoal
Beta-41180,5PE868,1930,120,Charcoal
Beta-37373,5RB2764,1930,80,Wood
Beta-42934,5LR1085,1930,70,Charcoal
UCIAMS-43154,5SM57,1930,70,Charcoal
DIC-874,5ST85,1930,50,charred wood
Beta-4226,5LP4991,1930,25,charcoal
UGa-813,5LR263,1930,25,charcoal
Beta-147164,5GA2524,1920,80,Charcoal
Beta-46613,5GN1835,1920,70,Wood
GaK-1302,5WL101,1920,70,charcoal
Beta-145379,5GN817,1920,60,wood
Beta-145380,5GN817,1920,50,Charcoal
Beta-49245,5MT11667,1920,50,Charcoal
Beta-8393,5DL775,1920,40,Charcoal
Beta-8502,5ME431,1920,40,Charcoal
Beta-147354,5ME12315,1910,130,sediment
Beta-147435,5MT5454,1910,100,other (plant)
Beta-147352,5ME12315,1910,90,Charcoal
Beta-147353,5ME12315,1910,90,Charcoal
UCR-3884,5LP1434,1910,80,other (plant)
Beta-276998,5JA7,1910,60,bone
Beta-7163,5RB2484,1910,40,Charcoal
Beta-14919,5GN289,1900,70,Charcoal
Beta-3294,5GN191,1900,70,charcoal
Beta-79382,5RB3657,1900,70,charcoal
Beta-14914,5JF339,1900,60,Charcoal
Beta-3287,5GN191,1900,60,charcoal
Beta-3280,5GN222,1900,50,Wood
Beta-42935,5LR1085,1900,50,Charcoal
Beta-45147,5JF321,1900,50,Charcoal
Beta-58880,5MF2987,1900,50,Charcoal
OXA-7749,5DA272,1900,50,leather
UGA-4228,5LP4991,1900,40,wood
Beta-14920,5CF358,1895,55,Charcoal
UGA-6179,5LP4991,1895,15,other (plant)
UGA-15255,5LP1434,1890,80,textile
Beta-14921,5CF358,1890,60,Charcoal
Beta-14922,5CF358,1890,60,Charcoal
Beta-70055,5OT430,1890,60,sediment
Beta-4224,5LP4991,1890,25,charcoal
WSU-2475,5LP264,1890,25,charcoal
Beta-150142,5EA1483,1880,100,Charcoal
Beta-150143,5EA1483,1880,90,Charcoal
Beta-42933,5LR1085,1880,70,Charcoal
Beta-32355,5MF2544,1880,60,Charcoal
Beta-4945B,5GA151,1880,60,Wood
GaK-1304,5WL101,1880,50,charcoal
Beta-38799,5CF554,1880,40,Charcoal
W-4248,5RB699,1880,25,charcoal
UGA-5314,5MT4950,1880,20,Charcoal
UGA-6181,5LP4991,1880,15,other (plant)
Beta-150149,5EA1483,1875,75,Charcoal
I-12301,5BL94,1875,55,Charcoal
Beta-4220,5LP4991,1875,25,charcoal
UGA-6176,5LP4991,1875,20,Wood
Beta-15323,5LP478,1870,80,Charcoal
Beta-15324,5LP478,1870,70,Charcoal
Beta-15325,5LP478,1870,60,Charcoal
Beta-37842,5ME6378,1870,60,Charcoal
Beta-64309,5RB454,1870,60,charcoal
Beta-95308,5LP4223,1870,50,other (plant)
DIC-1195,5EA128,1870,30,bone
Beta-15329,5LP478,1860,130,Charcoal
Beta-50130,5DV3017,1860,130,Charcoal
Beta-15328,5LP478,1860,90,Charcoal
Beta-15330,5LP478,1860,90,Charcoal
Beta-15327,5LP478,1860,80,Charcoal
Beta-15326,5LP478,1860,60,Charcoal
Beta-3277,5GN41,1860,60,charcoal
Beta-4732,5AH244,1860,60,Charcoal
DIC-971,5ME217,1860,50,Charcoal
Beta-3272,5GN57,1860,40,charcoal
Beta-33785,5RB2829,1860,40,Charcoal
Beta-8120,5GN42,1860,40,Charcoal
WSU-2477,5LP264,1860,25,charcoal
W-289,5DA123,1860,20,charcoal
UGA-2746,5MF436,1850,95,Charcoal
Beta-15333,5LP1102,1850,90,Charcoal
Beta-15332,5LP1102,1850,60,Charcoal
UGA-12532,5MN868,1850,50,other (plant)
Beta-49242,5GN191,1850,40,Wood
Beta-56583,5RB454,1850,40,Charcoal
Beta-6175,5LP4991,1850,25,charcoal
Beta-6179,5LP4991,1850,25,charcoal
UGA-2727,5MF435,1850,20,Charcoal
UGA-6177,5LP4991,1850,15,other (plant)
Beta-15482,5CF358,1845,90,Charcoal
Beta-155397,5MT12069,1840,80,Charcoal
BETA-278071,5MF3006,1840,80,Charcoal
Beta-44398,5JF321,1840,80,Charcoal
Beta-155398,5MT12069,1840,60,Charcoal
Beta-3286,5GN247,1840,60,charcoal
Beta-44397,5JF321,1840,60,Charcoal
Beta-155396,5MT12069,1840,50,Charcoal
Beta-32357,5MF2544,1840,50,Charcoal
Beta-59393,5MF2999,1840,40,Charcoal
Beta-9181,5CF84,1840,40,Charcoal
Beta-95057,5GF2307,1840,40,Charcoal
WSU-1749,5ST85,1840,20,charred wood
UGA-6182,5LP4991,1840,15,wood and seed
UGA-5246,5LP4991,1835,20,other (plant)
Beta-155399,5MT12069,1830,80,Charcoal
BETA-324555,5MF7046,1830,70,sediment
Beta-48397,5PE8,1830,60,Charcoal
Beta-62769,5HF1100,1830,60,Charcoal
UGA-6180,5LP4991,1830,15,other (plant)
Beta-155403,5GA195,1825,100,Charcoal
Beta-4221,5LP4991,1825,25,charcoal
Beta-156435,5GN2477,1820,100,other (plant)
Beta-50120,5DV3017,1820,100,Charcoal
M-286,5MF379,1820,70,other (plant)
Beta-156434,5GN2477,1820,60,other (plant)
TX-4338,5LA2158,1820,60,Charcoal
Beta-32356,5MF2544,1820,50,Charcoal
RL-1216,5ME82,1820,50,charcoal
OXA-2763,5DA272,1820,40,leather
Beta-4231,5LP4991,1820,30,charcoal
Beta-5242,5LP4991,1820,30,charcoal
DIC-2183,5GF134,1820,30,Charcoal
BETA-268542,5MF3006,1814,45,Charcoal
Beta-158249,5GN817,1810,60,Charcoal
Beta-7998,5LA2240,1810,40,Charcoal
Beta-158491,5LA9187,1805,105,Charcoal
Beta-159164,5EA1754,1805,90,Charcoal
UGA-5243,5LP4991,1805,20,other (plant)
Beta-159366,5RB3157,1800,120,Charcoal
Beta-159365,5RB3157,1800,110,other (plant)
UGa-1144,5ST85,1800,100,charred wood
Beta-159165,5EA1754,1800,80,Charcoal
Beta-58010,5ME6938,1800,80,Charcoal
Beta-58878,5MF1915,1800,80,Charcoal
UGA-2750,5MF745,1800,80,Charcoal
Beta-49236,5GN1870,1800,60,charcoal
Beta-58879,5MF1915,1800,60,Charcoal
Beta-78593,5RB3042,1800,40,wood
WSU-1762,5ST85,1800,30,charred wood
Beta-5248,5LP4991,1800,25,charcoal
Beta-161858,5GN2477,1790,130,other (plant)
UGa-1046,5RB123,1790,110,charcoal
UGa-455,5LO101,1790,110,charcoal
Beta-32354,5MF2544,1790,60,charcoal
Beta-3279,5GN42,1790,60,charcoal
ICA-14P-822,5LP1434,1790,60,seeds
Beta-161857,5GN2477,1790,50,Charcoal
Beta-29702,5FN844,1790,50,Charcoal
Beta-8122,5GN42,1790,50,Charcoal
Beta-8501,5ME431,1790,40,Charcoal
Beta-162203,5LA2204,1780,130,sediment
Beta-162583,5GA2524,1780,130,Charcoal
Beta-162584,5GA2526,1780,130,Charcoal
Beta-162202,5LA2204,1780,85,Charcoal
UGA-1389,5LR284,1780,80,Charcoal
Beta-3278,5GN247,1780,60,charcoal
Tx-3879,5MT4614,1780,60,charcoal
UCIAMS-43148,5MN1609,1780,60,Charcoal
Beta-49244,5GN169,1780,50,Wood
Beta-78594,5RB3042,1780,40,wood
Beta-91297,5GA1609,1780,40,Charcoal
Beta-6178,5LP4991,1780,25,charcoal
Beta-162630,5RB4146,1775,65,Charcoal
Beta-5243,5LP4991,1775,30,charcoal
UGA-5247,5LP4991,1775,15,other (plant)
Beta-162633,5RB4146,1770,70,Charcoal
Beta-162632,5RB4146,1770,60,Charcoal
Beta-16293,5DA450,1770,50,Charcoal
Beta-75290,5MT11668,1770,40,Charcoal
UGA-6175,5LP4991,1770,20,other (plant)
UGA-6178,5LP4991,1770,20,other (plant)
Beta-16294,5DA450,1760,60,Charcoal
Beta-58884,5MF3198,1760,60,sediment
Beta-58778,5MF2998,1760,40,sediment
Beta-94380,5JF223,1760,40,Charcoal
W-4264,5RB726,1760,20,Charcoal
UGA-5244,5LP4991,1760,15,other (plant)
BETA-268543,5MF3006,1752,45,charcoal
Beta-170041,5LA9853,1750,115,Charcoal
Beta-170039,5LA9853,1750,80,Charcoal
TX-3627,5GN10,1750,70,Charcoal
Beta-63154,5RB3236,1750,40,charcoal
DIC-2328,5GA680,1750,30,Charcoal
Beta-170042,5LA9853,1740,70,sediment
Beta-170043,5LA9853,1740,70,sediment
UGa-1050,5LR252,1740,70,charcoal
Beta-170327,5MF557,1740,60,Charcoal
Beta-32353,5MF2544,1740,60,Charcoal
Beta-48814,5WL1555,1740,60,Charcoal
RL-1223,5ME82,1740,60,charcoal
Beta-170410,5EA1762,1740,50,Charcoal
Beta-78993,5RT345,1740,40,wood
DIC-1801,5GF110,1740,30,Charcoal
RL-543,5JF148,1735,65,?
UGA-2423,5RB699,1735,25,Charcoal
Beta-170808,5RB3157,1730,100,Charcoal
Beta-170809,5RB3157,1730,100,Charcoal
Beta-66836,5GN1835,1730,100,Charcoal
Beta-170573,5LP4991,1730,80,other (plant)
I-1342,5AA1345,1730,80,charcoal
Beta-3775,5GA151,1730,70,Wood
Beta-58599,5MF3012,1730,70,Charcoal
Beta-32351,5MF2544,1730,60,Charcoal
Beta-170729,5GF3023,1730,50,Charcoal
Beta-7931,5ME4645,1730,40,Charcoal
CAIS-5315,5MT4950,1730,40,Charcoal
CURL-10303,5MF6259,1730,40,Charcoal
Beta-171016,5FN1592,1720,100,charcoal
DIC-1505,5DA265,1720,70,charcoal
Beta-7162,5RB2484,1720,60,Charcoal
Beta-2637,5OR179,1720,43,Wood
Beta-65287,5GN810,1720,40,Charcoal
Beta-95666,5LA1416,1720,40,Charcoal
DIC-1256,5EA128,1720,30,bone
Beta-171017,5FN1592,1710,110,charcoal
Beta-65838,5RB454,1710,70,charcoal
Beta-171018,5FN1592,1710,60,charcoal
Beta-4944,5GA151,1710,60,Wood
PITT-54,5DA29,1710,60,Charcoal
QL-1233,5LK159,1710,60,charcoal
Beta-3282,5GN247,1710,50,charcoal
Beta-171020,5FN1592,1705,70,charcoal
Beta-171021,5FN1592,1705,70,charcoal
UGa-1143,5ST85,1700,130,charred wood
Beta-6847,5LR144,1700,80,Charcoal
Beta-64454,5RB3176,1700,70,Charcoal
Beta-171349,5RB705,1700,60,other (plant)
Beta-75286,5MT10594,1700,50,Charcoal
Beta-5505,5RB2284,1700,40,other (plant)
Beta-8118,5GN1664,1700,40,Charcoal
Beta-171766,5FN1592,1690,70,charcoal
Beta-172327,5PA1764,1690,70,Charcoal
Beta-171765,5FN1592,1690,60,charcoal
Beta-171767,5FN1592,1690,55,charcoal
RL-1217,5ME82,1690,50,charcoal
Beta-29703,5FN844,1690,40,Charcoal
Beta-9452,5LA2158,1690,40,Charcoal
I-6775,5BL94,1680,180,Charcoal
Beta-172481,5DA1008,1680,120,Charcoal
Beta-172328,5PA1764,1680,110,Charcoal
UGA-3167,5GN320,1680,95,Charcoal
Beta-172480,5DA1008,1680,90,Charcoal
Beta-172477,5DA1008,1680,80,Charcoal
I-9749,5LA1211,1680,70,charcoal
UGA-15253,5LP1434,1680,70,textile
Beta-172478,5DA1008,1680,60,Charcoal
Beta-172482,5DA1008,1680,60,Charcoal
Beta-3283,5GN191,1680,60,charcoal
Beta-3281,5GN247,1680,50,charcoal
Beta-50128,5DV3017,1680,40,Charcoal
Beta-56582,5RB454,1680,40,Charcoal
Beta-79745,5LR6,1680,40,Charcoal
Beta-172483,5DA1000,1675,85,Charcoal
Beta-33787,5RB2829,1670,100,Charcoal
Beta-173381,5GA195,1670,80,Charcoal
BETA-315093,5JA421,1670,70,Charcoal
Beta-4161,5GA151,1670,60,Charcoal
Beta-173382,5GA195,1670,55,Charcoal
Beta-3284,5GN222,1670,50,Wood
Beta-58809,5MF3187,1670,50,Charcoal
Beta-8119,5GN42,1670,50,Charcoal
UGA-2947,5MF476,1660,75,Charcoal
Beta-173751,5LP6495,1660,70,Charcoal
Beta-58887,5MF3589,1660,70,sediment
Beta-173749,5LP6480,1660,60,bone
GX-726B,5CH3,1660,60,bone
Beta-173385,5GA195,1660,55,Charcoal
Beta-77458,5LA6197,1660,40,Charcoal
Beta-77459,5LA6197,1660,40,Charcoal
Beta-78019,5RB3657,1660,40,wood
X-3876,5MT2242,1660,25,charcoal
Beta-173754,5SM186,1650,90,Charcoal
Beta-175853,5LP178,1650,90,Charcoal
Beta-5565,5GN222,1650,60,charcoal
Beta-64306,5RB454,1650,60,charcoal
Beta-175852,5LP175,1650,50,Charcoal
Beta-306306,5DT813,1650,50,bone
UGA-1351,5LR104,1650,50,Charcoal
Beta-58794,5MF3199,1650,40,sediment
UGA-3517,5FN395,1645,130,Charcoal
Beta-175854,5LP178,1645,65,Charcoal
Beta-50127,5DV3017,1640,80,Charcoal
Beta-175855,5LP178,1640,70,Charcoal
SI-3726,5WL53,1640,50,charcoal
Beta-68170,5BL2712,1640,40,Charcoal
Beta-77135,5JF223,1640,40,Charcoal
Beta-94379,5JF223,1640,40,Charcoal
Beta-175856,5LP2029,1635,160,Charcoal
Beta-17606,5JF211,1630,90,Charcoal
Beta-175857,5LP2029,1630,80,Charcoal
Beta-17607,5JF211,1630,70,Charcoal
Beta-17620,5AH380,1630,70,charcoal
Beta-40666,5PE904,1630,70,Charcoal
Beta-97299,5GN1835,1630,70,Charcoal
Beta-2973,5GA670,1630,60,Wood
Beta-39159,5GA1495,1630,60,Charcoal
Beta-46620,5GN1835,1630,60,charcoal
Beta-18088,5DT271,1620,195,Wood
I-6776,5BL94,1620,80,Charcoal
Beta-17625,5AH378,1620,60,Charcoal
BETA-278074,5MF3006,1620,60,charcoal
Beta-64308,5RB454,1620,60,charcoal
Beta-58806,5MF2990,1620,50,sediment
Beta-64175,5EP2020,1620,50,Charcoal
Beta-59391,5MF2993,1620,40,sediment
Beta-6176,5LP4991,1620,25,wood
WSU-1761,5ST85,1620,25,charred wood
Beta-18145,5LP1104,1610,90,Charcoal
Beta-68676,5RB3653,1610,90,wood
BETA-315137,5MF7046,1610,70,Charcoal
Beta-3273,5GN53,1610,60,charcoal
Beta-40664,5PE909,1610,60,Charcoal
DIC-325,5LA1053,1610,60,charcoal
Beta-18146,5LP1104,1610,55,Charcoal
Beta-18144,5LP1097,1610,50,Charcoal
Beta-75291,5MT11709,1610,40,Charcoal
UGA-15426,5LP1434,1610,30,Other
Beta-4222,5LP4991,1610,25,charcoal
Beta-4225,5LP4991,1610,25,charcoal
WSU-1758,5ST85,1610,25,charred wood
Beta-267636,5ME948,1608,34,Charcoal
Beta-182157,5MF4929,1600,100,Charcoal
Beta-182155,5MF4929,1600,90,Charcoal
Beta-40668,5PE910,1600,70,Charcoal
Beta-182156,5MF4929,1600,60,Charcoal
Beta-182817,5RB3157,1600,60,Charcoal
Beta-4636,5HF289,1600,60,Charcoal
RL-1220,5ME82,1600,60,charcoal
Beta-59392,5MF2995,1600,40,Charcoal
Beta-64307,5RB454,1600,40,charcoal
Beta-67418,5MF3003,1600,40,sediment
Beta-70111,5BL153,1600,40,Charcoal
Beta-75012,5RT345,1600,40,wood
Beta-6180,5LP4991,1595,25,charcoal
UGA-5245,5LP4991,1595,20,other (plant)
Beta-18310,5RB4662,1590,110,Charcoal
Beta-18308,5RB4662,1590,80,Charcoal
Beta-4945,5GA151,1590,70,Wood
Beta-18307,5RB4662,1590,60,Charcoal
Beta-45801,5HF1100,1590,60,Charcoal
Beta-86412,5AH747,1590,40,Charcoal
WSU-1756,5ST85,1590,30,charred wood
WSU-1760,5ST85,1590,25,charred wood
Beta-18399,5DA29,1585,90,Charcoal
Beta-67705,5BL3440,1580,100,Charcoal
Beta-18400,5DA29,1580,70,Charcoal
GX-320,5WL32,1580,70,charcoal
Beta-3840,5GF126,1580,60,Charcoal
I-6545,5BL120,1580,60,charcoal
Beta-58886,5MF3589,1580,40,sediment
Beta-6185,5LP4991,1580,30,charcoal
DIC-322,5LA1052,1580,30,Charcoal
UGA-15425,5LP1434,1580,30,other
Beta-5247,5LP4991,1580,25,charcoal
WSU-1757,5ST85,1580,25,charred wood
UGA-2212,5JA58,1580,20,Charcoal
Beta-18521,5LA2146,1575,195,Charcoal
Beta-18620,5DA29,1570,95,Charcoal
Beta-18619,5DA29,1570,80,Charcoal
M-1005,5JF142,1570,80,charcoal
Beta-85269,5RB3691,1570,60,wood
RL-1219,5ME82,1570,60,charcoal
Beta-190695,5JF321,1560,120,Charcoal
Beta-187086,5GF308,1560,70,Charcoal
Beta-18840,5DT271,1560,70,charcoal
I-9777,5BL67,1560,70,charcoal
Beta-58802,5RB3366,1560,60,Charcoal
UGA-4227,5LP4991,1560,40,other (plant)
Beta-6184,5LP4991,1560,25,charcoal
Beta-25625,5MN2341,1550,340,Wood
Beta-190699,5JF321,1550,70,Charcoal
Beta-56581,5RB454,1550,70,Charcoal
Beta-70112,5BL153,1550,60,charcoal
DIC-1504,5DA265,1550,60,charcoal
RL-1427,5RT139,1550,60,sediment
RL-1830,5SM790,1550,60,charcoal
Beta-63155,5RB3334,1550,50,Charcoal
Beta-190700,5JF321,1550,40,Charcoal
BETA-275099,5MF1915,1550,40,Charcoal
Beta-70061,5LA6230,1550,40,sediment
Beta-190701,5JF321,1545,90,Charcoal
Beta-190702,5JF321,1545,80,Charcoal
Beta-190703,5JF321,1545,65,Charcoal
Beta-58805,5MF2990,1540,60,sediment
Beta-190704,5JF321,1540,55,Charcoal
Beta-56585,5RB3498,1540,40,Charcoal
Beta-3869,5LR161,1530,110,charcoal
Beta-285032,5JA421,1530,100,Charcoal
Beta-190707,5JF321,1530,90,Charcoal
Beta-190706,5JF321,1530,70,Charcoal
Beta-190705,5JF321,1530,60,Charcoal
BETA-315136,5MF7046,1530,60,Charcoal
Beta-97300,5GN1835,1530,60,Charcoal
GX-515,5LA22,1530,60,other (plant)
PITT-53,5DA29,1530,60,Charcoal
M-1463,5DA83,1530,50,bone
Beta-86552,5MF3852,1530,40,Charcoal
Beta-191628,5ME12480,1520,120,Charcoal
Beta-190709,5JF321,1520,110,Charcoal
Beta-190708,5JF321,1520,100,Charcoal
Beta-46617,5GN1835,1520,100,charcoal
Beta-70056,5OT430,1520,70,Charcoal
I-9750,5LA1416,1520,70,charcoal
Beta-2974,5GA672,1520,60,Wood
Beta-46619,5GN1835,1520,60,charcoal
Beta-96540,5BL3440,1520,60,Charcoal
Beta-191629,5ME12480,1520,55,Charcoal
Beta-191627,5ME12225,1520,50,Charcoal
Beta-85136,5GN2478,1520,40,charcoal
Beta-192471,5AM1733,1515,90,Wood
Beta-192609,5RB4781,1515,85,Charcoal
Beta-51337,5RB454,1510,140,Charcoal
Beta-192611,5RB4778,1510,80,sediment
Beta-192612,5RB4778,1510,70,sediment
Beta-192613,5RB4786,1510,70,Charcoal
Tx-2650,5ST85,1510,70,charred wood
Beta-192610,5RB4782,1510,60,Charcoal
Beta-192973,5MF5397,1500,90,Charcoal
Beta-192798,5RB4662,1500,70,Charcoal
Beta-192799,5RB4662,1500,70,Charcoal
Beta-192800,5RB4662,1500,70,Charcoal
Beta-85271,5RB3691,1500,70,wood
BETA-275096,5MF1915,1500,60,Charcoal
UGA-2975,5MF660,1500,55,Charcoal
Beta-192972,5MF3195,1500,50,Charcoal
Beta-19356,5LP1754,1490,160,Charcoal
Beta-19355,5MN2922,1490,120,charcoal
Beta-192975,5MF3002,1490,80,Charcoal
Beta-3870,5LR161,1490,70,Charcoal
Beta-42999,5LR13,1490,70,Charcoal
Beta-19347,5EP2,1490,60,Charcoal
Beta-19348,5EP2,1490,60,Charcoal
Beta-1932,5MT2191,1490,50,Charcoal
Beta-19357,5LP1754,1485,220,Charcoal
Beta-196824,5MF2723,1480,110,other (plant)
Beta-19517,5GA22,1480,90,Charcoal
Beta-58799,5MF3607,1480,60,sediment
Beta-58881,5MF2995,1480,60,sediment
DIC-974,5ME217,1480,60,Charcoal
Beta-1968,5OR179,1480,50,charcoal
Beta-70057,5OT430,1480,40,Charcoal
Beta-85363,5LR15,1480,40,Charcoal
Beta-97619,5HN55,1480,40,Charcoal
Beta-1970,5OR243,1470,80,Seeds
Beta-1969,5OR198,1470,70,charcoal
Beta-75283,5MT10594,1470,40,Charcoal
Beta-267655,5ME113,1466,44,Charcoal
Beta-26793,5LA5598,1466,44,Charcoal
UGA-6184,5LP4991,1465,20,other (plant)
Beta-197143,5GA3222,1460,120,Charcoal
Beta-197141,5GA3222,1460,90,pottery residue
Beta-197181,5LP188,1460,80,other (plant)
Beta-1971,5OR182,1460,70,Wood
Beta-197180,5LP186,1460,70,other (plant)
Beta-39964,5EP935,1460,70,Charcoal
Beta-40663,5PE868,1460,60,Charcoal
Beta-197142,5GA3222,1460,50,Charcoal
Beta-76546,5MN868,1460,40,other (plant)
Beta-90361,5GA1599,1460,40,Charcoal
Beta-2635,5OR179,1455,44,Wood
Beta-197184,5LP245,1450,80,other (plant)
Beta-49621,5LA3242,1450,70,Charcoal
Beta-197182,5LP188,1450,60,other (plant)
Beta-197183,5LP188,1450,60,other (plant)
Beta-197185,5LP245,1450,60,other (plant)
Beta-3288,5GN212,1450,60,Charcoal
Beta-39162,5RB234,1450,60,Wood
Beta-49246,5MT11667,1450,60,Charcoal
Beta-97618,5HN55,1450,60,Charcoal
GX-718,5LA211,1450,50,charcoal
Beta-267640,5ME16102,1443,49,Charcoal
Beta-197188,5LP245,1440,95,other (plant)
WSU-1754,5ST85,1440,80,charred wood
Beta-2976,5GA151,1440,60,Wood
Beta-32352,5MF2544,1440,60,Charcoal
Beta-39158,5GA55,1440,60,Charcoal
Beta-197187,5LP245,1440,55,other (plant)
Beta-59396,5MF3177,1440,40,sediment
Beta-197189,5LP245,1430,90,other (plant)
Beta-197190,5LP245,1430,80,other (plant)
Beta-40667,5PE895,1430,60,Charcoal
Beta-34747,5DV3041,1430,50,Charcoal
Beta-85267,5RB3691,1430,40,wood
Beta-85704,5GN1835,1430,40,Charcoal
Beta-197191,5LP245,1425,60,other (plant)
Beta-198248,5MF3569,1420,90,Charcoal
BETA-275098,5MF1915,1420,90,Charcoal
Beta-198249,5MF3587,1420,80,Charcoal
Beta-45567,5GA1499,1420,70,Wood
I-9748,5LA1211,1420,60,Charcoal
Beta-197390,5MN5970,1420,50,Charcoal
Beta-198245,5MF3018,1420,50,sediment
Beta-198247,5MF3604,1420,50,Charcoal
Beta-58882,5MF2999,1420,40,sediment
Beta-59473,5MF1915,1420,40,Charcoal
Beta-198253,5MF3587,1410,140,Charcoal
BETA-275094,5MF1915,1410,90,Charcoal
Beta-198250,5MF3587,1410,80,Charcoal
Beta-198251,5MF3587,1410,80,Charcoal
Beta-198252,5MF3587,1410,80,Charcoal
Beta-39154,5GA55,1410,70,Charcoal
Beta-58782,5MF3004,1410,70,sediment
Beta-58797,5MF3581,1410,70,sediment
Beta-75287,5MT10594,1410,40,Charcoal
Beta-198254,5MF3588,1405,100,sediment
Beta-19842,5DA29,1400,100,Charcoal
Beta-19846,5DA29,1400,95,Charcoal
Beta-198255,5MF3588,1400,90,Charcoal
Beta-19845,5DA29,1400,90,Charcoal
Beta-198333,5RB705,1400,80,other (plant)
Beta-19843,5DA29,1400,80,Charcoal
Beta-19847,5DA29,1400,80,Charcoal
Beta-3839,5GF126,1400,80,Charcoal
Beta-19841,5DA29,1400,70,Charcoal
Beta-19844,5DA29,1400,70,Charcoal
Beta-95304,5LP?,1400,60,other (plant)
Beta-6130,5MT2731,1400,40,Charcoal
Beta-58596,5MF3007,1390,120,Charcoal
Beta-19850,5DA29,1390,90,Charcoal
Beta-19848,5DA29,1390,60,Charcoal
Beta-85266,5RB3691,1390,40,wood
Beta-1998,5OR167,1380,200,Wood
Beta-19852,5DA29,1380,140,Charcoal
Beta-19851,5DA29,1380,90,Charcoal
Beta-40665,5EP1192,1380,60,charcoal
Beta-76616,5GN1835,1380,40,Charcoal
Beta-7932,5ME4645,1380,40,Charcoal
Beta-1999,5OR167,1375,60,Wood
Beta-20209,5DT271,1370,175,Wood
Beta-2002,5OR167,1370,90,Wood
Beta-2000,5OR167,1370,70,Wood
TX-3149,5GN191,1370,70,Charcoal
Beta-2001,5OR167,1370,60,Wood
Beta-39155,5GA55,1370,60,Charcoal
Beta-39363,5WL2055,1370,60,bone
Beta-46621,5GN1835,1370,50,charcoal
ETH-24873,5LA9187,1370,50,Charcoal
Beta-85699,5GN1835,1370,40,Charcoal
Beta-202515,5LP177,1365,65,other (plant)
Beta-202523,5LP240,1360,200,other (plant)
Beta-202519,5LP185,1360,180,other (plant)
Beta-202520,5LP185,1360,180,other (plant)
Beta-202516,5LP177,1360,110,other (plant)
Beta-202521,5LP239,1360,100,other (plant)
Beta-202518,5LP185,1360,80,other (plant)
Beta-202517,5LP185,1360,70,other (plant)
Beta-202522,5LP239,1360,70,other (plant)
Beta-3841,5GF126,1360,60,Charcoal
UGA-2749,5MF745,1360,50,Charcoal
Beta-85138,5GN2478,1360,40,Charcoal
Beta-202835,5LP570,1350,200,other (plant)
Beta-202831,5LP570,1350,90,unknown
Beta-202833,5LP570,1350,70,unknown
Beta-202834,5LP570,1350,65,unknown
Beta-202832,5LP570,1350,60,unknown
Beta-202837,5LP570,1350,60,unknown
Beta-35306,5LP4223,1350,60,other (plant)
Beta-202830,5LP570,1350,50,unknown
Beta-202838,5LP570,1340,70,unknown
Beta-3836,5EA433,1340,60,Wood
Beta-4060,5GF128,1340,60,Charcoal
Beta-79737,5LR6,1340,40,Charcoal
Beta-85264,5RB3691,1340,40,wood
UGA-2726,5MF435,1340,25,Charcoal
Beta-203038,5RB4748,1330,110,bone
Beta-204587,5ME7089,1330,100,Charcoal
Beta-204589,5ME7089,1330,100,Charcoal
Beta-205031,5MF1915,1330,90,Charcoal
Beta-204895,5GA195,1330,80,Charcoal
Beta-203029,5RB4748,1330,70,bone
Beta-204590,5ME7089,1330,70,Charcoal
GX-531,5LR97,1330,70,bone
Beta-203039,5RB4748,1330,50,bone
Beta-6177,5LP4991,1330,50,charcoal
Beta-59474,5MF1915,1330,40,Charcoal
Beta-76617,5GN1835,1330,40,Charcoal
Beta-205033,5MF3048,1325,80,Charcoal
Beta-205032,5MF1915,1325,60,Charcoal
Beta-66108,5RB2958,1320,90,bone
Beta-205224,5MN654,1320,70,Charcoal
Beta-58783,5MF3004,1320,70,Charcoal
Beta-4229,5LP4991,1320,45,charcoal
Beta-205226,5MN517,1315,80,Charcoal
Beta-205227,5MN654,1315,70,Charcoal
ICA-14P-823,5LP1434,1310,70,wood
Beta-205230,5MN654,1310,60,unknown
Beta-205228,5MN367,1310,40,other (plant)
Beta-34176,5RB2873,1310,40,Charcoal
Beta-59472,5MF1915,1310,40,Charcoal
Beta-61745,5EP986,1310,40,Charcoal
UGa-661,5LO122,1310,20,charcoal
WSU-1748,5ST85,1310,20,charred wood
UGa-814,5LR263,1305,20,charcoal
UGA-3317,5MN1365,1300,120,Charcoal
GX-319,5WL32,1300,80,charcoal
Beta-205833,5MN517,1300,70,other (plant)
Beta-205834,5MN653,1300,70,other (plant)
Beta-205837,5MN517,1300,70,other (plant)
Beta-205835,5MN654,1300,60,other (plant)
Beta-96543,5BL127,1300,60,Charcoal
Beta-205836,5MN517,1300,50,other (plant)
Beta-20652,5PE56,1300,50,Charcoal
Beta-62184,5ME6796,1300,50,Charcoal
Beta-61920,5GN1835,1300,40,Charcoal
Beta-85265,5RB3691,1300,40,wood
Beta-85703,5GN1835,1300,40,Charcoal
Beta-267639,5ME16102,1297,36,Charcoal
UGA-5248,5LP4991,1295,15,other (plant)
Beta-20743,5EA809,1290,100,Wood
Beta-20655,5PE56,1290,90,Charcoal
Beta-66569,5WL1856,1290,80,Charcoal
Beta-20653,5PE56,1290,70,Charcoal
Beta-20654,5PE56,1290,70,Charcoal
Beta-4733,5AH244,1290,60,bone
RL-1170,5ME429,1290,60,charcoal
RL-1434,5RT139,1290,60,sediment
RL-188,5WL47,1290,60,bone
Beta-20657,5PE56,1290,55,Charcoal
Beta-20656,5PE56,1290,50,Charcoal
Beta-58396,5BL2712,1290,40,Charcoal
Beta-85263,5RB3691,1290,40,wood
Beta-209063,5MF3004,1285,200,sediment
Beta-207905,5RB4662,1285,80,Charcoal
Beta-207906,5RB4662,1285,80,Charcoal
Beta-267656,5ME16716,1283,44,Charcoal
Beta-209127,5MF3610,1280,110,sediment
Beta-209185,5MF3610,1280,80,Charcoal
Beta-209124,5MF3004,1280,70,charcoal
Beta-209125,5MF3006,1280,70,Charcoal
RL-1214,5ME82,1280,60,charcoal
Beta-209126,5MF3610,1280,50,sediment
Beta-3276,5GN1668,1280,50,charcoal
Beta-66830,5GN1835,1280,50,Charcoal
I-8562,5BL170,1280,50,charcoal
Beta-42288,5JF321,1280,40,Charcoal
Beta-6881,5GA217,1280,40,Charcoal
CAMS-32684,5CH1,1280,40,bone
Beta-209186,5MF3610,1270,80,charcoal
Beta-209187,5MF3003,1270,80,Charcoal
Beta-209188,5MF3002,1270,80,Charcoal
Beta-34173,5RB454,1270,60,Charcoal
Beta-45803,5MN3760,1270,60,Wood
Beta-50135,5DV3017,1270,60,Charcoal
Beta-5126,5LR144,1270,60,Charcoal
Beta-257792,5MF2990,1270,50,Charcoal
Beta-61919,5GN1835,1270,40,Charcoal
Beta-61922,5GN1835,1270,40,Charcoal
Beta-7928,5ME4645,1270,40,Charcoal
Beta-85140,5GN2478,1270,40,Charcoal
UGA-2089,5JF211,1270,20,bone
Beta-261399,5MF2997,1267,31,Charcoal
Beta-209189,5MF3003,1265,60,Charcoal
Beta-209196,5MF3002,1260,150,Charcoal
Beta-209192,5MF3002,1260,100,charcoal
Beta-209193,5MF3003,1260,95,Charcoal
Beta-209191,5MF3003,1260,90,Charcoal
Beta-209194,5MF3002,1260,80,Charcoal
Beta-209195,5MF3003,1260,75,charcoal
Beta-209190,5MF3002,1260,70,Charcoal
Beta-37702,5LA330,1260,60,Charcoal
Beta-59390,5MF2993,1260,40,sediment
Beta-59656,5WL1794,1260,40,charcoal
Beta-2636,5OR179,1259,41,Charcoal
Beta-267638,5ME16102,1253,36,Charcoal
Beta-209221,5MF3006,1250,110,sediment
Beta-209490,5MF2997,1250,100,Charcoal
Beta-209489,5MF2997,1250,90,sediment
Beta-34149,5MT5376,1250,80,Charcoal
Beta-209198,5MF3002,1250,70,Charcoal
Beta-209199,5MF3003,1250,70,Charcoal
I-7458,5BL170,1250,70,charcoal
Beta-209197,5MF3003,1250,60,charcoal
Beta-209571,5EA328,1250,60,Charcoal
I-15134,5BL94,1250,60,Charcoal
Beta-3837,5GF128,1250,50,Charcoal
Beta-59397,5MF3177,1250,40,sediment
Beta-5972,5LA2193,1250,40,Charcoal
DIC-1254,5BA30,1250,30,charcoal
Beta-267653,5ME16858,1242,44,Charcoal
UGA-3389,5RB748,1240,100,Charcoal
Beta-209573,5EA2315,1240,90,Charcoal
Beta-2097,5GN212,1240,90,charcoal
Beta-282180,5ME16786,1240,90,Charcoal
Beta-209572,5EA2311,1240,80,Charcoal
Beta-2098,5GN212,1240,70,charcoal
Beta-85268,5RB3691,1240,70,wood
I-6481,5GA22,1240,70,Charcoal
I-622,5WL269,1240,60,bone
RL-1480,5LP264,1240,60,charcoal
Beta-3569,5GA680,1240,50,sediment
Beta-59395,5MF3006,1240,40,sediment
Beta-6129,5MT2731,1240,40,Charcoal
Beta-8117,5GN1664,1240,40,Charcoal
UGa-671,5LR252,1240,20,charcoal
Beta-263486,5ME16789,1233,45,Charcoal
Beta-2102,5GN207,1230,360,charcoal
Beta-49625,5LA2255,1230,90,Charcoal
Beta-2101,5GN196,1230,80,charcoal
Beta-2099,5GN212,1230,70,charcoal
BETA-315095,5JA421,1230,70,Charcoal
Beta-35122,5RB2985,1230,70,Charcoal
Beta-38801,5CF555,1230,70,Charcoal
Beta-209922,5MF2990,1230,60,Charcoal
Beta-34151,5MT5376,1230,60,Charcoal
Beta-5563,5GN41,1230,60,charcoal
Beta-58790,5MF3048,1230,60,sediment
BETA-296998,5MF1915,1230,50,Charcoal
SR-5994,5MF5067,1230,50,other (plant)
UGA-1349,5LR104,1230,50,Charcoal
Beta-6128,5MT2731,1230,40,Charcoal
Beta-61921,5GN1835,1230,40,Charcoal
Beta-88777,5EP1603,1230,40,Charcoal
UGA-15258,5LP1434,1230,40,textile
Beta-2103,5GN207,1225,85,charcoal
Beta-2104,5GN212,1225,55,charcoal
Beta-211402,5LP7774,1220,150,Charcoal
Beta-211370,5RB4662,1220,130,Charcoal
Beta-46616,5GN1835,1220,100,charcoal
Beta-5244,5LP4991,1220,65,charcoal
Beta-2105,5GN210,1220,60,charcoal
Beta-211403,5LP372,1220,60,Charcoal
Beta-211888,5RB4662,1220,60,leather
Beta-21192,5JF463,1220,60,Charcoal
Beta-40453B,5RB733,1220,60,Charcoal
Beta-2106,5GN210,1220,50,charcoal
WSU-1752,5ST85,1220,50,charred wood
Beta-85139,5GN2478,1220,40,Charcoal
Beta-85141,5GN2478,1220,40,wood
Beta-85708,5GN1835,1220,40,Charcoal
UGa-812,5LR263,1220,20,charcoal
Beta-263487,5ME16789,1216,41,Charcoal
Beta-260144,5ME113,1215,45,Charcoal
UGA-3378,5RB804,1210,100,Charcoal
Beta-21197,5EA799,1210,80,Wood
RL-1222,5ME82,1210,60,charcoal
Beta-211923,5MF3018,1210,50,sediment
Beta-40187,5BL2712,1210,50,Charcoal
UGA-1350,5LR104,1210,50,Charcoal
Beta-41950,5RB3060,1210,40,Charcoal
UGa-672,5LR252,1205,25,charcoal
Beta-211975,5MF3004,1200,90,Charcoal
Beta-211974,5MF3004,1200,80,sediment
I-7907,5PW2,1200,80,Charcoal
Beta-211971,5MF3004,1200,70,sediment
Beta-211972,5MF3004,1200,60,sediment
BETA-271515,5MF3006,1200,60,Charcoal
Beta-40669,5EP1192,1200,60,Charcoal
Beta-5132,5GA151,1200,60,Wood
Beta-58791,5MF3048,1200,60,sediment
Beta-211973,5MF3004,1200,50,Charcoal
Beta-3021,5ST161,1200,50,Charcoal
GX-726A,5CH3,1200,50,bone
Beta-75998,5LR15,1200,40,Charcoal
Beta-84866,5GA869,1200,40,Charcoal
TX-8922,5BL2712,1200,40,Charcoal
Beta-212089,5LP498,1190,80,Charcoal
Beta-211976,5MF3004,1190,60,sediment
Beta-212088,5LP171,1190,60,Charcoal
RL-1866,5RB899,1190,60,Charcoal
BETA-290743,5MN8049,1190,50,Charcoal
UGa-673,5LR252,1190,20,charcoal
Beta-212090,5LP498,1185,80,Charcoal
Beta-212091,5LP588,1180,100,Charcoal
GX-529,5AH2,1180,80,bone
UCR-3416,5HN55,1180,60,charcoal
Beta-212093,5MF3002,1180,55,Charcoal
Beta-212094,5MF3002,1180,50,Charcoal
Beta-5503,5RB2318,1180,40,Wood
Beta-75957,5RB234,1180,40,Charcoal
UGa-664,5LR252,1180,20,charcoal
I-16511,5LA3491,1170,120,Charcoal
Beta-212274,5MF6175,1170,90,Charcoal
UGA-2747,5MF436,1170,75,Charcoal
Beta-212276,5MF6175,1170,70,Charcoal
Tx-2647,5ST85,1170,70,charred wood
Beta-212275,5MF6175,1170,60,Charcoal
Beta-212095,5MF3002,1170,50,Charcoal
DIC-2330,5LA2202,1170,30,Charcoal
UGa-669,5LR252,1165,20,charcoal
UGa-818,5LR263,1165,20,charcoal
Beta-267643,5ME16129,1164,48,Charcoal
Beta-5562,5GN247,1160,100,charcoal
Beta-212279,5MF6175,1160,90,Charcoal
DIC-1799,5GF110,1160,70,Charcoal
GX-526,5JF6,1160,70,charcoal
Beta-212277,5MF6175,1160,60,Charcoal
Beta-212278,5MF6175,1160,60,Charcoal
BETA-273726,5MF7046,1160,60,Charcoal
Beta-3275,5GN212,1160,60,Charcoal
Beta-3289,5GN191,1160,60,charcoal
Beta-37998,5CF589,1160,60,Charcoal
Beta-58789,5MF3048,1160,60,sediment
Beta-212282,5RB4662,1160,50,other (plant)
Beta-212303,5MF5827,1160,50,Charcoal
Beta-37841,5ME6377,1160,50,Charcoal
Beta-79741,5LR6,1160,40,Charcoal
Beta-85701,5GN1835,1160,40,Charcoal
Beta-55584,5JF321,1150,90,Charcoal
SI-4848,5LO19,1150,90,bone
BETA-275097,5MF1915,1150,80,Charcoal
Beta-212308,5MF5827,1150,75,Charcoal
Beta-212304,5MF5827,1150,70,sediment
Beta-212306,5MF5827,1150,70,Charcoal
Beta-212307,5MF5827,1150,70,Charcoal
Beta-212305,5MF5827,1150,60,Charcoal
Beta-34174,5RB2829,1150,60,Charcoal
Beta-58803,5MF2990,1150,60,Charcoal
Tx-2651,5ST85,1150,60,charred wood
Beta-212310,5MF5827,1150,50,Charcoal
Beta-32347,5MF2539,1150,50,charcoal
Beta-40453,5RB733,1150,50,Wood
Beta-79385,5RB3657,1150,40,wood
Beta-85137,5GN2478,1150,40,Charcoal
Beta-212483,5MF3610,1145,155,sediment
Beta-212482,5MF3610,1145,60,Charcoal
BETA-273725,5MF7046,1140,100,Charcoal
Beta-212484,5MF3610,1140,75,sediment
Beta-281995,5ME6888,1140,60,Charcoal
Beta-39156,5GA55,1140,60,Charcoal
Beta-54579,5RB3339,1140,60,Charcoal
Beta-212485,5MF3610,1140,50,sediment
Beta-37376,5RB2764,1140,50,Wood
Beta-40188,5BL2712,1140,50,Charcoal
Beta-66834,5GN1835,1140,40,Charcoal
Beta-87717,5GN000,1140,40,Charcoal
BETA-293897,5MN8345,1130,80,Charcoal
Beta-48396,5PE8,1130,80,Charcoal
GX-318,5LO1,1130,70,charcoal
Beta-213033,5MF3587,1130,65,Charcoal
Beta-54615,5WL38,1130,60,Charcoal
Beta-212970,5RB4662,1130,50,Charcoal
Beta-28588,5DA306,1130,50,Charcoal
Beta-212486,5MF3610,1130,40,sediment
Beta-213036,5MF3587,1120,340,Charcoal
BETA-261002,5MF2993,1120,200,charcoal
UGA-3379,5RB804,1120,80,Charcoal
Beta-213034,5MF3587,1120,60,Charcoal
Beta-213035,5MF3587,1120,60,Charcoal
Beta-213037,5MF3587,1120,50,Charcoal
Beta-66832,5GN1835,1120,40,Charcoal
UGa-670,5LR252,1120,25,charcoal
Beta-213038,5MF3587,1113,40,Charcoal
Beta-213040,5MF3587,1110,90,Charcoal
Beta-58595,5MF2992,1110,70,Charcoal
Beta-213039,5MF3587,1110,50,Charcoal
Beta-33790,5RB2828,1110,50,Charcoal
ICA-15C-253,5GF1185,1110,50,Charcoal
Beta-267654,5ME16859,1102,46,Charcoal
Beta-21322,5LA1085,1100,250,Wood
Beta-213041,5MF3587,1100,100,Charcoal
Beta-213042,5MF3587,1100,100,Charcoal
I-188,5WL47,1100,100,bone
UGA-3377,5RB748,1100,100,Charcoal
Beta-7332,5LR144,1100,70,Charcoal
Beta-213043,5MF3587,1100,60,Charcoal
Beta-51338,5RB454,1100,60,Charcoal
I-10976,5BL170,1100,60,charcoal
Beta-21323,5PE484,1095,60,Charcoal
Beta-213235,5MF3003,1095,60,Charcoal
Beta-213239,5MF3003,1090,85,Charcoal
Beta-213237,5MF3003,1090,80,Charcoal
Beta-213236,5MF3003,1090,60,Charcoal
Beta-213238,5MF3003,1090,60,Charcoal
Beta-57960,5LA6071,1090,60,Charcoal
UGa-1230,5JF63,1090,60,charcoal
UGA-2949,5MF476,1090,55,Charcoal
Beta-48815,5WL1555,1090,50,Charcoal
GaK-844,5WL101,1090,50,charcoal
Beta-6181,5LP4991,1090,45,charcoal
Beta-4227,5LP4991,1085,48,charcoal
Beta-213245,5MF3003,1080,100,Charcoal
Beta-213244,5MF3003,1080,90,sediment
Beta-21324,5PE484,1080,80,Charcoal
Beta-213242,5MF3003,1080,70,Charcoal
Beta-21325,5PE484,1080,70,Charcoal
I-16520,5LA3491,1080,70,Charcoal
Beta-21326,5PE484,1080,60,Charcoal
BETA-290742,5MN8049,1080,60,Charcoal
I-88,5WL47,1080,60,bone
Beta-213240,5MF3003,1080,50,Charcoal
Beta-213241,5MF3003,1080,50,Charcoal
Beta-213243,5MF3003,1080,50,Charcoal
Beta-213246,5MF3003,1080,50,Charcoal
I-6544,5BL120,1080,50,charcoal
RL-1018,5LK221,1080,50,charcoal
Beta-6100,5RB2446,1080,40,Charcoal
Beta-85700,5GN1835,1080,40,Charcoal
Beta-213900,5MF3569,1075,135,Charcoal
Beta-213904,5MF3587,1070,100,Charcoal
Beta-213906,5MF3588,1070,80,Charcoal
I-8280,5BL170,1070,80,charcoal
Beta-213901,5MF1915,1070,70,Charcoal
Beta-213903,5MF3587,1070,70,Charcoal
I-7909,5CF18,1070,70,unknown
Beta-213902,5MF6176,1070,60,Charcoal
Beta-213905,5MF3587,1070,60,Charcoal
Beta-51339,5RB454,1070,60,Charcoal
Beta-79384,5RB3657,1070,60,wood
Beta-35114,5RB2921,1070,50,Charcoal
UGA-6183,5LP4991,1070,20,Wood
Beta-267642,5ME16105,1068,49,Charcoal
Beta-213907,5MF3194,1065,60,Charcoal
Beta-5564,5GN222,1060,110,charcoal
Beta-213908,5MF3194,1060,80,Charcoal
Beta-213911,5MF3604,1060,80,Charcoal
Beta-213909,5MF3194,1060,60,Charcoal
Beta-304168,5DT813,1060,60,Charcoal
BETA-278075,5MF3006,1060,50,charcoal
Beta-66831,5GN1835,1060,40,Charcoal
Beta-79383,5RB3657,1060,40,wood
Beta-214060,5MF6225,1055,70,Charcoal
Beta-214059,5MF3194,1055,60,Charcoal
Beta-214066,5MF6227,1051,50,charcoal
Beta-214148,5MF6235,1050,250,charcoal
Beta-214147,5MF6231,1050,90,charcoal
Beta-234384,5EA909,1050,80,charcoal
Beta-38800,5CF555,1050,80,Charcoal
Beta-214068,5MF3200,1050,70,Charcoal
Beta-214067,5MF3174,1050,60,charcoal
Beta-3020,5ST161,1050,50,Charcoal
Beta-66833,5GN1835,1050,40,Charcoal
Beta-66835,5GN1835,1050,40,Charcoal
Beta-214149,5MF6239,1045,60,charcoal
Beta-214150,5MF6241,1045,60,Charcoal
Beta-214152,5MF6243,1040,80,charcoal
Tx-2652,5ST85,1040,70,charred wood
Beta-214151,5MF6242,1040,50,charcoal
Beta-28629,5LA2146,1040,50,Charcoal
Beta-303005,5ME16784,1040,50,Charcoal
M-1004,5JF142,1040,50,charcoal
UGA-12487,5MN519,1040,40,other (plant)
Beta-214153,5MF6243,1030,130,charcoal
I-820,5MN40,1030,80,charcoal
Beta-214154,5MF6245,1030,60,charcoal
Beta-214156,5MF6252,1030,60,charcoal
Beta-51340,5RB454,1030,60,Charcoal
I-6482,5GA22,1030,60,Charcoal
Beta-214155,5MF6248,1030,50,charcoal
Beta-214157,5MF5687,1030,50,charcoal
Beta-6880,5GA217,1030,40,Charcoal
Beta-78992,5RT345,1030,40,wood
Beta-214160,5MF6173,1020,110,charcoal
Beta-214158,5MF3012,1020,80,Charcoal
Beta-27680,5MF2649,1020,80,charcoal
Beta-214159,5MF3012,1020,70,Charcoal
L-167-B,5ME-?,1020,70,charcoal
Beta-303003,5ME16782,1020,50,Charcoal
Beta-267641,5ME16105,1020,48,Charcoal
W-616,5JF10,1020,20,charcoal
GX-562,5WL38,1018,60,charcoal
UGA-6185,5LP4991,1015,20,other (plant)
Beta-2641,5OR198,1014,41,Wood
Beta-214295,5MF6258,1010,100,Charcoal
SI-3540,5AL91,1010,70,bone
Beta-214296,5MF3590,1010,60,sediment
BETA-290744,5MN8049,1010,60,Charcoal
UGA-2951,5MF476,1010,60,Charcoal
Beta-214294,5MF6258,1010,55,Charcoal
Beta-214161,5MF6257,1010,50,charcoal
Beta-32254,5MF2544,1010,50,Charcoal
GX-725,5AH6,1010,50,bone
Beta-66829,5GN1835,1010,40,Charcoal
Beta-70415,5MF2991,1010,40,sediment
Beta-267637,5ME16097,1009,36,Charcoal
WSU-1753,5ST85,1005,80,charred wood
Beta-214297,5MF6262,1005,60,charcoal
Beta-214302,5MF2990,1000,250,Charcoal
Beta-214300,5MF5389,1000,70,sediment
Beta-214301,5MF5389,1000,60,Charcoal
Beta-34175,5RB2828,1000,60,Charcoal
Beta-269228,5ME15893,1000,52,Charcoal
Beta-214299,5MF3589,1000,50,charcoal
Beta-214298,5MF3589,1000,40,Charcoal
Beta-261585,5WL1506,996,30,charcoal
Beta-214304,5MF2993,995,80,sediment
Beta-214303,5MF2991,995,65,Charcoal
Beta-267629,5GF4337,995,40,Charcoal
Beta-214307,5MF3604,990,90,Charcoal
Beta-214323,5MF6267,990,60,charcoal
Beta-214324,5MF3603,990,60,Charcoal
BETA-293898,5MN8345,990,60,Charcoal
BETA-293899,5MN8345,990,60,Charcoal
Beta-214306,5MF3604,990,50,charcoal
BETA-293891,5MF3006,990,50,Charcoal
Beta-3192,5GA680,990,50,Charcoal
I-9004,5BL97,990,50,charcoal
Beta-263485,5ME16789,988,42,Charcoal
I-12390,5GA22,985,55,Charcoal
Beta-214326,5MF2994,980,80,Charcoal
Beta-214325,5MF2994,980,60,sediment
Beta-90362,5GA1599,980,60,Charcoal
Beta-214327,5MF2994,980,50,Charcoal
BETA-278073,5MF3006,980,50,charcoal
BETA-293890,5MF2992,980,50,Charcoal
I-16516,5LA3491,980,50,Charcoal
I-885,5AM3,980,50,bone
Beta-79740,5LR6,980,40,Charcoal
GX-565,5WL27,975,55,bone
Beta-263484,5ME16786,974,42,Charcoal
Beta-214328,5MF3601,970,85,Charcoal
Beta-214329,5MF3601,970,70,charcoal
Beta-214330,5MF3601,970,70,Charcoal
Beta-214331,5MF6269,970,65,Charcoal
Beta-40454,5RB733,970,50,Wood
Beta-266904,5RB6544,969,40,Charcoal
Beta-214333,5MF3002,960,80,Charcoal
Beta-214335,5MF3003,960,80,Charcoal
Beta-214332,5MF3002,960,70,Charcoal
Beta-214337,5MF6275,960,70,charcoal
UGA-1621,5JF211,960,70,Charcoal
Beta-214334,5MF3002,960,60,Charcoal
BETA-297000,5SM5319,960,60,Charcoal
Beta-44099,5LA2405,960,60,Charcoal
WSU-1751,5ST85,960,60,charred wood
Beta-214336,5MF3003,960,50,Charcoal
Beta-281996,5ME6891,960,50,Charcoal
Beta-40671,5PE910,960,50,Charcoal
UGa-1147,5ST85,960,50,charred wood
Beta-2640,5OR182,960,40,Wood
Beta-51343,5RB454,960,40,Charcoal
Beta-214451,5MF3194,955,75,Charcoal
Beta-214455,5MF3604,950,220,charcoal
Beta-214453,5MF3589,950,80,charcoal
Beta-214456,5MF6267,950,70,charcoal
Beta-214457,5MF2994,950,70,sediment
Beta-214452,5MF6225,950,60,Charcoal
Beta-214454,5MF3604,950,60,Charcoal
Beta-303001,5ME16117,950,60,Charcoal
Beta-34150,5MT5376,950,60,Charcoal
Beta-29047,5DA306,950,50,Charcoal
I-12391,5GA22,950,40,Charcoal
Beta-214458,5MF2998,945,115,charcoal
Beta-51341,5RB454,940,140,Charcoal
Beta-214459,5MF3601,940,80,charcoal
Beta-214462,5MF5397,940,70,charcoal
BETA-275095,5MF1915,940,60,Charcoal
BETA-296999,5MF1915,940,60,Charcoal
RL-1869,5RB2284,940,60,Charcoal
Beta-214460,5MF6269,940,50,Charcoal
Beta-214463,5MF5398,940,50,Charcoal
Beta-214464,5MF6281,940,50,charcoal
Beta-74907,5BL3440,940,40,charcoal
Beta-214466,5MF5445,935,140,Charcoal
Beta-266903,5RB6544,933,40,Charcoal
Beta-25648,5MN2341,930,230,Charcoal
Beta-214469,5MF6290,930,70,Charcoal
Beta-85273,5RB3691,930,70,wood
Beta-214467,5MF6174,930,60,charcoal
Beta-214470,5MF6291,930,60,Charcoal
Beta-303002,5ME16117,930,60,Charcoal
Beta-214468,5MF5408,930,50,Charcoal
Beta-47465,5WL1818,930,50,bone
Beta-74403,5MF3589,930,50,sediment
Beta-59298,5LR42,930,40,Charcoal
Beta-7996,5LA2240,930,40,Charcoal
BETA-268544,5MF3006,928,49,Charcoal
Beta-2644,5OR243,928,40,Wood
Beta-261586,5WL5158,926,30,charcoal
RL-776,5RB312,920,80,charcoal
Beta-214471,5MF6292,920,70,Charcoal
Beta-214472,5MF6295,920,60,Charcoal
I-6480,5GA22,920,60,Charcoal
Beta-285033,5JA421,920,50,pottery residue
BETA-293896,5MN8345,920,50,Charcoal
UGa-1148,5ST85,920,50,charred wood
CU-8119,5JF321,920,40,bone
Beta-214473,5MF3616,915,60,charcoal
Beta-214474,5MF3614,910,110,Charcoal
Beta-214475,5MF3051,910,80,Charcoal
Beta-46636,5GA1513,910,60,Wood
Beta-304094,5DT813,910,50,Charcoal
Beta-267632,5GF4337,909,40,Charcoal
Beta-2642,5OR243,906,39,Wood
Beta-214968,5MF6276,905,65,Charcoal
Beta-2151,5OR182,900,250,Wood
Beta-214971,5MF6253,900,180,Charcoal
Beta-60647,5MF1915,900,70,bone
Beta-50117,5DV3017,900,60,Charcoal
SI-4535,5LO19,900,60,charcoal
Beta-47102,5WL1483,900,40,Charcoal
Beta-267652,5ME16791,897,42,Charcoal
BETA-26415,5JA421,897,40,bone
Beta-2152,5OR317,895,75,Wood
Beta-267647,5ME16785,892,36,Charcoal
Beta-33113,5OT124,890,110,Charcoal
BETA-271522,5MF3006,890,90,Charcoal
Beta-50118,5DV3017,890,60,Charcoal
GaK-783,5LA145,890,60,charcoal
Beta-215608,5MF2990,890,50,Charcoal
Beta-215609,5MF2990,890,50,Charcoal
UCIAMS-131986,5LP4991,890,50,other (plant)
BETA-268546,5MF3006,882,60,Charcoal
Beta-2180,5DL2,880,180,Charcoal
Beta-2178,5DL2,880,110,Charcoal
Beta-2179,5DL309,880,100,Charcoal
Beta-74404,5MF3589,880,80,sediment
Beta-217338,5ME12825,880,70,Charcoal
Beta-217339,5ME12825,880,60,Charcoal
BETA-274257,5MF7046,880,60,Charcoal
RL-1435,5RT139,880,60,sediment
Beta-216425,5RB4662,880,50,Charcoal
Beta-217340,5ME12825,880,50,Charcoal
Beta-217341,5ME12825,880,50,Charcoal
Beta-28131,5EA799,880,50,Wood
BETA-271519,5MF3006,880,40,Charcoal
Beta-2181,5LP378,870,60,Charcoal
Beta-218195,5ME96,870,60,Charcoal
Beta-3019,5ST161,870,60,Charcoal
Beta-59297,5LR42,870,60,Charcoal
Beta-218196,5ME536,870,55,Charcoal
Beta-218194,5GF3880,870,50,Charcoal
Beta-276999,5JA7,870,50,bone
GaK-1303,5WL101,870,50,charcoal
Beta-2639,5OR182,870,40,Wood
UGA-4498,5GA696,866,25,Charcoal
Beta-218198,5ME889,860,110,Charcoal
UGA-2731,5MF435,860,90,Charcoal
Beta-48810,5WL48,860,80,Charcoal
Beta-218199,5ME901,860,60,bone
Beta-218197,5ME544,860,50,Charcoal
GX-317,5LO1,860,50,other (plant)
Beta-34744,5AH15,860,40,Charcoal
GX-564,5LO6,855,55,charcoal
Beta-2182,5LP437,850,70,Charcoal
RL-777,5RB312,850,60,charcoal
SI-3537,5AL91,850,60,bone
Beta-218972,5MF1915,850,50,Charcoal
Beta-66570,5WL1856,850,50,sediment
UGA-2732,5MF435,850,50,Charcoal
Beta-56591,5RB3499,850,40,Charcoal
Beta-218973,5MF1915,840,80,Charcoal
Beta-219509,5ME5997,840,70,Charcoal
Beta-219508,5ME5997,840,60,Charcoal
Beta-58894,5MF1915,840,60,sediment
I-6774,5BL94,840,60,Charcoal
Beta-267645,5ME16134,839,33,Charcoal
Beta-219514,5ME6144,830,100,charcoal
Beta-220163,5RB4662,830,100,other (plant)
BETA-271520,5MF3006,830,80,Charcoal
Beta-219512,5ME6144,830,70,Charcoal
Beta-219511,5ME6141,830,60,Charcoal
Beta-219513,5ME6144,830,60,other (plant)
Beta-4061,5GF128,830,60,Charcoal
Beta-7311,5LA5554,830,60,Charcoal
Tx-2656,5ST85,830,60,charred wood
UCA-5313,5MT4950,830,60,Charcoal
BETA-293892,5MF3006,830,50,Charcoal
DIC-1700,5DA265,830,30,charcoal and peat
Beta-222043,5RB4662,820,80,other (plant)
I-8281,5BL141,820,80,charcoal
Beta-220514,5MF6255,820,70,Charcoal
Beta-51342,5RB454,820,70,Charcoal
DIC-1702,5DA265,820,30,charcoal
Beta-222044,5RB4662,815,125,other (plant)
Beta-267631,5GF4337,815,42,Charcoal
Beta-22217,5JF463,810,125,Charcoal
Beta-222404,5RB4662,810,85,Charcoal
Beta-222045,5RB4662,810,50,other (plant)
SI-301,5BL65,810,50,charcoal
DIC-1699,5DA269,810,30,Charcoal
UGA-4240,5LA2158,810,25,Charcoal
Beta-267651,5ME16791,804,36,Charcoal
Beta-223708,5MF3198,800,200,Charcoal
Beta-223706,5MF3198,800,70,Charcoal
Beta-223705,5MF3198,800,60,sediment
BETA-271518,5MF3006,800,60,Charcoal
Beta-223707,5MF3198,800,50,Charcoal
Tx-2653,5ST85,800,50,charred wood
UCR-1305,5JF148,800,50,Charcoal
CURL-10443,5RB4926,800,40,Charcoal
Beta-223709,5MF3198,795,195,sediment
UGA-4499,5GA698,791,23,Charcoal
Beta-223711,5MF3198,790,90,Charcoal
Beta-223710,5MF3198,790,70,Charcoal
Beta-28510,5EP986,790,40,Charcoal
Beta-49243,5GN191,790,40,charcoal
Beta-267648,5ME16785,787,34,Charcoal
UGA-4282,5LA2169,786,25,Charcoal
Beta-223712,5MF3198,785,90,Charcoal
UGA-4500,5GA700,785,24,Charcoal
Beta-34797,5MN2341,780,220,Charcoal
Beta-223715,5MF5397,780,90,Charcoal
Beta-223716,5MF5827,780,85,Charcoal
Beta-95056,5GF2307,780,60,Charcoal
UGa-1146,5ST85,780,60,charred wood
Beta-223713,5MF3198,780,50,Charcoal
Beta-223714,5MF5397,780,50,Charcoal
Beta-223717,5MF5827,775,85,Charcoal
Beta-223718,5MF5827,775,75,Charcoal
Beta-267630,5GF4337,775,39,Charcoal
Beta-33784,5RB454,770,80,Charcoal
Beta-223719,5MF5827,770,70,Charcoal
BETA-271521,5MF3006,770,60,charcoal
Beta-34798,5MN2341,770,60,Charcoal
Beta-223720,5MF5827,770,50,Charcoal
UGA-2733,5MF435,770,50,Charcoal
Tx-3878,5MT2858,770,40,textile
Beta-223721,5MF6290,765,90,Charcoal
GX-560,5LO4,765,55,charcoal
I-12530,5JF8,765,55,charcoal
Beta-223722,5MF6290,760,100,Charcoal
SI-302,5BL68,760,70,charcoal
I-3264,5BL68,760,50,Charcoal
BETA-271517,5MF3006,760,40,charcoal
DIC-1701,5DA265,760,30,charcoal and peat
BETA-278072,5MF3006,750,70,Charcoal
M-1002,5JF142,750,70,charcoal
I-16512,5LA3491,750,50,Charcoal
SI-1989,5YM8,750,50,charcoal
Beta-223725,5MF6290,740,85,Charcoal
Beta-223724,5MF6290,740,80,Charcoal
Beta-303004,5ME16784,740,70,Charcoal
Beta-223723,5MF6290,740,60,Charcoal
Beta-33310,5LA5846,740,60,Charcoal
I-15133,5BL94,740,50,charcoal
Beta-223726,5MF6290,735,105,Charcoal
Beta-224799,5MF2994,730,90,sediment
Beta-3422,5GA680,730,60,Charcoal
Beta-224800,5MF2994,725,60,charcoal
Beta-224803,5MF2994,720,90,sediment
Beta-224802,5MF2994,720,70,sediment
I-16514,5LA3491,720,70,Charcoal
Beta-224801,5MF2994,720,60,sediment
BETA-274258,5MF7046,720,50,Charcoal
Beta-224804,5MF2994,710,60,sediment
UCR-1298,5JF148,710,50,bone
Beta-224805,5MF2994,705,60,sediment
I-2423,5BL68,700,160,charcoal
Tx-2648,5ST85,700,70,charred wood
UGA-1920,5RB699,700,30,Charcoal
UGA-456,5LO101,700,30,Charcoal
Beta-224806,5MF2994,695,110,sediment
Beta-224807,5MF2994,690,50,sediment
Beta-224808,5MF2994,680,70,sediment
Beta-224810,5MF5389,680,60,Charcoal
Beta-224809,5MF2994,680,55,sediment
Beta-224811,5MF5389,675,80,Charcoal
Beta-224815,5MF5389,670,150,Charcoal
Beta-224812,5MF5389,670,80,sediment
Beta-224813,5MF5389,670,80,Charcoal
Beta-224814,5MF5389,670,80,Charcoal
Beta-50131,5DV3017,670,60,Charcoal
Beta-224817,5MF5389,665,80,Charcoal
DIC-1800,5GF110,660,60,Charcoal
Beta-224818,5MF5389,660,50,Charcoal
Beta-3290,5GN191,650,60,charcoal
Beta-32346,5MF2539,650,50,Wood
Beta-3339,5GF126,650,50,charcoal
Beta-58786,5MF3012,650,50,Charcoal
Beta-225935,5MF3198,645,75,Charcoal
Beta-267644,5ME16129,643,48,Charcoal
Beta-225936,5MF3198,640,100,sediment
Beta-22624,5EA750,640,70,Charcoal
Beta-22625,5EA750,640,65,Charcoal
Beta-3420,5GA239,640,50,Wood
CURL-10445,5MF3583,640,40,Charcoal
DIC-1803,5GF110,640,30,Charcoal
Beta-226299,5LP177,630,100,Charcoal
Beta-226300,5LP177,630,90,Charcoal
GX-530,5LR99,630,80,Bone 
Beta-226303,5LP239,630,75,other (plant)
Beta-226301,5LP177,630,50,Charcoal
Beta-28307,5RT90,630,50,Wood
Beta-79744,5LR6,630,50,Charcoal
BETA-259250,5MF3006,625,50,Charcoal
Beta-226304,5LP240,620,60,other (plant)
Beta-226305,5LP240,620,55,other (plant)
Beta-226306,5LP242,620,45,Charcoal
UGA-2730,5MF435,610,120,Charcoal
Beta-226307,5LP242,600,80,Charcoal
Beta-226309,5LP242,600,55,other (plant)
Beta-226310,5LP242,600,55,other (plant)
Beta-226308,5LP242,600,50,other (plant)
Beta-22767,5DL896,590,110,Wood
Beta-22766,5MT8041,590,60,Charcoal
Beta-33309,5LA5846,590,50,Charcoal
Beta-55583,5JF321,590,40,Charcoal
Beta-260143,5ME113,585,60,other (plant)
UGA-1921,5RB715,580,80,Charcoal
Beta-22770,5DL896,580,55,Charcoal
Beta-22769,5DL896,580,50,Wood
Beta-2285,5LR170,570,60,Charcoal
Beta-49618,5LA3406,570,60,Charcoal
I-3023,5BL70,570,60,charcoal
Beta-22849,5AH380,570,50,Charcoal
UGA-5035,5LA2169,570,50,Charcoal
Beta-79832,5RB3657,570,40,wood
Beta-22850,5AH380,560,70,Charcoal
Beta-50673,5WL1818,560,70,bone
Beta-32038,5ME88,560,50,Charcoal
Beta-22851,5AH380,560,40,Charcoal
Beta-79751,5LA3570,560,40,Charcoal
Beta-58008,5GN2140,550,40,Charcoal
Beta-22852,5AH380,545,150,Charcoal
Beta-22853,5AH380,540,60,Charcoal
Beta-22854,5AH380,540,60,Charcoal
Beta-50122,5DV3017,540,50,Charcoal
Beta-2286,5LR170,530,80,Charcoal
Beta-35336,5YM112,530,60,Charcoal
BETA-317788,5MF3012,530,50,Charcoal
Beta-3774,5GA151,530,50,Wood
Beta-231909,5MF453,520,75,Charcoal
CWRU-24,5BA22,520,60,Charcoal
Beta-2288,5LR170,520,55,Charcoal
Beta-35120,5RB2958,520,50,Charcoal
Beta-75284,5MT10594,520,40,Charcoal
Beta-231910,5MF453,515,65,Charcoal
Beta-231911,5MF453,510,70,Charcoal
Beta-232185,5DA1000,510,70,Charcoal
Beta-232184,5DA1000,510,60,Charcoal
UGA-2615,5JF52,505,20,Charcoal
Beta-70671,5MN4350,500,40,other (plant)
Beta-97622,5HN55,500,40,Charcoal
Beta-58785,5MF3012,490,70,Charcoal
Beta-23490,5LR1098,490,60,Charcoal
Beta-35118,5RB2958,490,60,Charcoal
Beta-6878,5GA217,490,40,Charcoal
Beta-23491,5LR1098,480,50,Charcoal
DIC-1435,5LA1725,480,30,charcoal
Beta-23788,5EA799,470,100,Wood
Beta-23787,5EA799,470,80,Wood
Beta-23738,5BL94,470,70,Wood
Beta-23492,5LR1102,470,60,Charcoal
Beta-23804,5LA2146,460,70,Charcoal
Beta-35113,5RB2921,460,60,Charcoal
Beta-58601,5MF3572,450,70,Charcoal
Beta-56593,5RB3498,450,60,Charcoal
Beta-32044,5ME6144,450,50,Charcoal
Beta-35121,5RB2982,450,50,Charcoal
Beta-38512,5GA1172,450,50,Wood
Beta-4948,5GA151,450,50,Wood
Beta-79743,5LR6,450,40,Charcoal
Beta-3568,5GA680,440,70,sediment
Beta-23846,5GN246,440,60,sediment
Beta-238492,5DA1000,430,60,Charcoal
Beta-238493,5DA1000,430,50,Charcoal
CURL-10419,5MF3583,430,40,Charcoal
Beta-24185,5CF373,420,120,Charcoal
Beta-24183,5CF499,420,80,Charcoal
Beta-24184,5CF373,420,80,Charcoal
Beta-24243,5PE648,420,80,Charcoal
Beta-238496,5DA1000,420,70,Charcoal
Beta-24094,5LR1112,420,70,Wood
Beta-7099,5LA5249,420,60,Charcoal
Beta-24194,5JF211,420,50,Charcoal
Beta-50133,5DV3017,420,50,Charcoal
Beta-70418,5MF2991,420,40,sediment
Beta-24244,5PE648,410,60,Charcoal
Beta-70058,5OT430,410,40,Charcoal
Beta-8115,5GN1664,410,40,Charcoal
Beta-24246,5PE648,400,100,Charcoal
Beta-24245,5PE648,400,95,Charcoal
BETA-315135,5MF7046,400,50,Charcoal
Beta-3291,5GN191,400,50,charcoal
Beta-79749,5LR6,400,40,Charcoal
Tx-3875,5MT4763,400,40,charcoal
Beta-24247,5PE648,390,50,Charcoal
Beta-8121,5GN42,390,40,Charcoal
BETA-315096,5JA421,380,60,Charcoal
Beta-7100,5LA5255,380,40,Charcoal
Beta-267649,5ME16715,380,34,Charcoal
Beta-88035,5AA952,370,40,Charcoal
CURL-10310,5MF6255,370,40,Charcoal
Beta-24248,5PE648,360,100,Charcoal
Beta-242608,5MF2994,360,100,charcoal
Beta-24249,5PE648,360,90,Charcoal
Beta-80407,5RB3657,360,60,wood
Beta-79748,5LR6,360,40,wood
Beta-2454,5OR167,350,60,Wood
Beta-58787,5MF3012,350,50,sediment
Beta-28511,5EP986,340,60,Charcoal
DIC-1390,5RT11,340,30,charcoal
Beta-2455,5OR198,335,65,Wood
Beta-32041,5ME901,330,50,Charcoal
Beta-58108,5MF1124,330,50,Charcoal
DIC-1698,5GF110,330,30,Charcoal
Beta-2456,5OR243,320,60,Wood
Beta-31550,5PE484,320,60,Charcoal
Beta-70419,5MF2991,320,60,sediment
BETA-246842,5MF2992,300,85,Charcoal
Beta-35691,5GA1208,300,70,Wood
Beta-3274,5GN1668,300,60,charcoal
Beta-32900,5RT132,300,60,sediment
Beta-8092,5ME4519,300,40,Charcoal
Beta-267650,5ME16783,293,38,Charcoal
BETA-246843,5MF2992,290,70,Charcoal
BETA-246844,5MF2993,280,60,Charcoal
BETA-275100,5MF1915,280,60,Charcoal
Beta-32348,5MF2539,270,50,Charcoal
Beta-89219,5AH416,270,40,Charcoal
BETA-246845,5MF2993,260,60,Charcoal
Beta-6879,5GA217,260,50,Charcoal
Beta-248411,5ME699,255,60,Charcoal
I-5449,5GA22,250,60,charcoal
Beta-55361,5MF2996,250,40,Charcoal
Beta-8010,5LA5403,250,40,Charcoal
Beta-85705,5GN1835,250,40,Charcoal
Beta-31549,5PE484,240,70,Charcoal
Beta-65658,5BL153,240,60,charcoal
RL-1588,5EA484,240,60,unknown
DIC-323,5LA1055,240,30,charcoal
Beta-248413,5ME699,230,90,Charcoal
Beta-248412,5ME699,230,60,Charcoal
Beta-248418,5ME16097,230,50,Charcoal
Beta-70416,5MF2991,230,40,sediment
Beta-32349,5MF2539,220,60,Charcoal
Beta-49464,5MN3760,220,60,Wood
RL-1868,5RB1797,220,50,Charcoal
CURL-10318,5MF2997,220,40,Charcoal
BETA-248535,5MF2992,210,150,Charcoal
BETA-248538,5MF3006,210,95,charcoal
BETA-248537,5MF3006,210,90,charcoal
BETA-248539,5MF3006,190,65,charcoal
Beta-35123,5DT271,190,60,Wood
Beta-70417,5MF2991,190,40,sediment
Beta-79747,5LR6,190,40,Charcoal
CURL-10316,5MF6253,190,40,charcoal
Beta-2496,5LP264,170,140,charcoal
Beta-2495,5LP264,170,80,Charcoal
Beta-49619,5LA3186,170,50,Charcoal
Beta-263483,5ME16784,170,38,Charcoal
BETA-297001,5SM5319,160,60,Charcoal
Beta-50909,5GA55,160,60,Charcoal
I-6777,5GA22,160,60,charcoal
Beta-95305,5LP?,160,40,other (plant)
Beta-55360,5MF2996,150,60,sediment
Beta-25075,5EA799,150,50,Wood
Beta-25076,5EA799,150,50,Wood
Beta-4706,5GA151,150,40,Wood
Beta-79746,5LR6,150,40,Charcoal
Beta-8116,5GN1664,150,40,Charcoal
Beta-35117,5RB2958,140,70,Charcoal
Beta-25077,5EA799,140,50,Wood
Tx-2640,5ST85,140,50,charred wood
I-15952,5LR1370,135,60,unknown
Beta-39163,5RB234,120,50,Wood
Beta-25078,5EA799,110,90,Wood
CAMS-105764,5GN2477,100,40,bone
Beta-32350,5MF2544,90,40,Charcoal
Beta-35119,5RB2958,80,60,Charcoal
Beta-35115,5RB2926,80,50,Charcoal
Beta-77626,5GN1835,70,40,Charcoal
Beta-8008,5LA5385,70,40,Charcoal
Beta-42347,5RB2829,60,60,Wood
Beta-49623,5LA3189,60,50,Charcoal
Beta-4705,5GA151,60,40,Wood
Beta-8004,5LA5305,30,40,Charcoal
Beta-89217,5AH416,30,40,Charcoal
Beta-8009,5LA5402,0,40,Charcoal
